2,43,42,0.59
21,62,42,0.5
26,57,32,0.5
28,59,32,0.59
81,138,58,0.59
84,135,52,0.59
86,137,52,0.59
86,135,50,0.5
88,139,52,0.59
89,120,32,0.59
94,125,32,0.59
99,130,32,0.59
101,132,32,0
103,134,32,0.59
100,131,32,0.5
102,133,32,0.59
100,141,42,0.59
101,132,32,0.59
103,134,32,0.59
108,137,30,0.5
139,170,32,0
141,172,32,0.5
147,176,30,0.59
149,178,30,0.5
178,235,58,0.59
180,211,32,0.59
180,237,58,0.59
187,228,42,0.59
189,230,42,0.59
190,221,32,0.59
192,223,32,0.59
194,225,32,0
194,225,32,0.59
205,234,30,0.5
230,287,58,0.59
232,289,58,0.59
234,285,52,0.59
236,287,52,0.59
235,284,50,0.59
237,286,50,0
239,288,50,0.59
249,280,32,0.59
251,282,32,0.5
253,284,32,0.5
257,286,30,0.59
259,288,30,0
267,308,42,0.5
283,314,32,0.59
285,316,32,0.5
288,319,32,0.5
314,347,34,0.59
321,350,30,0.59
340,371,32,0.5
342,373,32,0
344,375,32,0.59
346,377,32,0
340,371,32,0.59
342,373,32,0
344,375,32,0.59
346,377,32,0
340,381,42,0.59
345,402,58,0.59
347,404,58,0.59
346,377,32,0.59
349,400,52,0.59
351,402,52,0.59
351,400,50,0.59
353,402,50,0.59
366,397,32,0.59
368,399,32,0
373,402,30,0.59
375,404,30,0.59
401,432,32,0
403,434,32,0.59
407,436,30,0.59
409,438,30,0.59
458,489,32,0
460,491,32,0
466,495,30,0
476,517,42,0.5
476,597,122,0
478,599,122,0.59
481,592,112,0.59
499,562,64,0.5
507,556,50,0.59
515,556,42,0.59
518,549,32,0.59
520,551,32,0.59
522,553,32,0.5
544,601,58,0
548,599,52,0
550,601,52,0.59
550,599,50,0
553,584,32,0.59
564,595,32,0
566,597,32,0.5
570,599,30,0.59
572,601,30,0
591,622,32,0.59
593,624,32,0.59
592,623,32,0.59
594,625,32,0.59
639,670,32,0.59
641,672,32,0
647,676,30,0.59
649,678,30,0.5
657,698,42,0.5
683,740,58,0.59
685,742,58,0
687,744,58,0.59
687,738,52,0.59
689,740,52,0
691,742,52,0.59
689,738,50,0.59
691,740,50,0
703,734,32,0.59
705,736,32,0.5
711,740,30,0
713,742,30,0.59
719,760,42,0.59
721,762,42,0.5
739,780,42,0.5
762,819,58,0.59
765,816,52,0.59
767,816,50,0.59
769,818,50,0.59
768,819,52,0.59
777,818,42,0.59
778,809,32,0.59
780,811,32,0.59
782,813,32,0
784,815,32,0
788,817,30,0.5
790,819,30,0.5
799,830,32,0.5
805,836,32,0.59
868,979,112,0.59
870,981,112,0.59
894,923,30,0.5
932,965,34,0.5
933,990,58,0.59
935,992,58,0.59
933,996,64,0.5
936,965,30,0
936,987,52,0.59
938,989,52,0
940,991,52,0.59
939,988,50,0.5
941,990,50,0.59
952,983,32,0.59
954,985,32,0
956,987,32,0.59
961,990,30,0
969,1010,42,0
982,1011,30,0
990,1031,42,0.5
1016,1047,32,0.59
1018,1049,32,0
1020,1051,32,0.59
1016,1073,58,0.59
1018,1075,58,0.59
1020,1071,52,0.59
1022,1073,52,0.59
1022,1071,50,0.59
1044,1073,30,0
1065,1160,96,0.59
1079,1190,112,0.59
1081,1192,112,0.59
1083,1194,112,0.59
1108,1137,30,0.5
1114,1171,58,0
1116,1173,58,0.59
1118,1169,52,0
1120,1171,52,0.59
1119,1168,50,0.59
1121,1170,50,0
1122,1151,30,0.59
1132,1173,42,0.59
1133,1164,32,0.59
1135,1166,32,0
1141,1170,30,0.59
1143,1172,30,0.59
1143,1200,58,0.59
1145,1202,58,0
1147,1204,58,0.59
1143,1206,64,0.5
1147,1198,52,0.59
1149,1200,52,0
1151,1202,52,0.59
1150,1199,50,0.5
1152,1201,50,0.59
1161,1202,42,0
1163,1194,32,0.59
1165,1196,32,0
1166,1197,32,0.59
1171,1200,30,0.5
1216,1247,32,0.59
1218,1249,32,0
1218,1249,32,0.59
1221,1250,30,0.59
1241,1272,32,0.5
1265,1314,50,0.5
1272,1303,32,0
1274,1305,32,0.59
1279,1310,32,0
1315,1356,42,0.5
1344,1401,58,0.59
1346,1403,58,0.59
1348,1399,52,0.59
1350,1401,52,0.59
1351,1400,50,0.5
1361,1392,32,0.59
1363,1394,32,0.59
1365,1396,32,0.5
1370,1399,30,0.5
1372,1401,30,0.59
1436,1493,58,0.5
1440,1491,52,0.5
1441,1490,50,0
1443,1492,50,0.59
1454,1485,32,0.59
1456,1487,32,0.5
1462,1491,30,0.59
1464,1493,30,0.59
1471,1512,42,0
1473,1514,42,0.59
1495,1546,52,0.59
1496,1617,122,0.59
1500,1611,112,0.59
1502,1613,112,0.59
1504,1615,112,0.59
1506,1627,122,0.5
1511,1542,32,0
1513,1544,32,0.5
1514,1625,112,0.59
1539,1580,42,0.5
1561,1592,32,0.59
1565,1622,58,0.59
1570,1601,32,0.59
1569,1620,52,0.59
1571,1620,50,0.59
1573,1604,32,0.59
1575,1606,32,0.59
1584,1615,32,0.59
1586,1617,32,0
1592,1621,30,0.5
1615,1672,58,0.59
1617,1674,58,0.59
1619,1670,52,0.59
1621,1672,52,0.59
1621,1670,50,0.59
1632,1663,32,0.59
1644,1673,30,0
1669,1698,30,0.59
1671,1700,30,0.59
1689,1720,32,0.5
1694,1723,30,0
1696,1725,30,0.59
1709,1738,30,0.59
1711,1740,30,0.59
1748,1779,32,0
1750,1781,32,0.5
1754,1783,30,0.59
1756,1785,30,0
1764,1805,42,0.5
1766,1807,42,0.5
1779,1890,112,0.59
1781,1892,112,0.59
1783,1894,112,0.59
1819,1850,32,0
1821,1878,58,0.59
1822,1873,52,0.59
1824,1873,50,0.5
1824,1875,52,0.59
1831,1862,32,0.5
1833,1864,32,0.59
1836,1867,32,0.5
1838,1869,32,0.59
1840,1871,32,0.5
1837,1868,32,0.59
1839,1870,32,0
1841,1872,32,0.5
1839,1870,32,0.59
1841,1872,32,0.5
1846,1909,64,0.5
1848,1905,58,0.59
1850,1907,58,0.59
1852,1903,52,0.59
1854,1905,52,0.59
1854,1903,50,0
1856,1905,50,0.59
1867,1898,32,0.59
1869,1900,32,0
1871,1902,32,0.59
1877,1906,30,0.59
1886,1927,42,0.5
1906,1937,32,0.59
1908,1939,32,0
1910,1941,32,0.59
1908,1939,32,0.59
1910,1941,32,0.59
1909,1940,32,0.59
1911,1942,32,0.59
1976,2033,58,0.59
1978,2035,58,0.59
1980,2031,52,0.59
1982,2033,52,0.59
1981,2030,50,0.59
1983,2032,50,0
1995,2026,32,0.59
1997,2028,32,0
2003,2032,30,0.59
2005,2034,30,0.59
2013,2054,42,0.5
2032,2073,42,0.59
2034,2065,32,0.59
2036,2067,32,0
2041,2070,30,0.59
2043,2072,30,0
2052,2109,58,0.5
2056,2107,52,0.5
2059,2108,50,0
2061,2110,50,0.59
2068,2157,90,0.5
2070,2101,32,0.59
2072,2103,32,0
2074,2105,32,0.59
2074,2185,112,0.59
2076,2187,112,0.59
2079,2108,30,0.5
2089,2130,42,0.5
2116,2157,42,0
2118,2149,32,0.59
2120,2151,32,0.59
2122,2153,32,0.59
2138,2201,64,0.5
2140,2197,58,0.59
2142,2199,58,0
2144,2195,52,0.59
2146,2197,52,0
2146,2195,50,0
2148,2197,50,0
2160,2191,32,0.59
2162,2193,32,0
2164,2195,32,0.59
2168,2197,30,0.59
2170,2199,30,0.59
2178,2219,42,0.5
2204,2261,58,0.5
2208,2259,52,0.5
2210,2241,32,0.59
2212,2243,32,0
2222,2253,32,0.59
2224,2255,32,0.5
2229,2258,30,0.59
2231,2260,30,0
2238,2279,42,0.59
2240,2281,42,0
2257,2286,30,0.5
2264,2305,42,0.5
2305,2416,112,0.59
2310,2421,112,0.59
2313,2424,112,0.59
2315,2426,112,0.59
2318,2369,52,0.5
2319,2368,50,0
2331,2362,32,0.59
2333,2364,32,0.5
2339,2368,30,0.59
2341,2370,30,0
2349,2390,42,0.5
2375,2438,64,0.5
2376,2407,32,0.59
2377,2440,64,0.5
2378,2409,32,0
2379,2436,58,0.59
2381,2432,52,0.59
2381,2438,58,0.59
2383,2432,50,0.5
2385,2434,50,0
2383,2434,52,0
2383,2440,58,0.59
2384,2415,32,0.59
2386,2417,32,0.59
2388,2419,32,0.59
2385,2436,52,0.59
2391,2422,32,0.59
2393,2434,42,0.59
2397,2428,32,0.59
2399,2430,32,0.59
2433,2484,52,0.59
2435,2486,52,0.59
2434,2483,50,0.5
2436,2485,50,0
2444,2475,32,0.59
2448,2479,32,0.59
2450,2481,32,0
2452,2483,32,0.59
2449,2480,32,0.59
2451,2482,32,0
2504,2555,52,0.59
2518,2575,58,0.59
2519,2550,32,0
2521,2552,32,0.59
2521,2572,52,0.59
2534,2565,32,0.59
2534,2575,42,0.5
2536,2567,32,0.59
2538,2569,32,0
2540,2571,32,0.59
2544,2573,30,0.5
2571,2600,30,0.59
2573,2602,30,0.5
2630,2661,32,0
2632,2663,32,0
2630,2661,32,0.59
2632,2663,32,0
2631,2662,32,0.59
2633,2664,32,0.59
2632,2663,32,0.59
2662,2693,32,0.59
2664,2695,32,0
2664,2697,34,0.59
2666,2697,32,0.59
2670,2699,30,0.5
2703,2744,42,0.59
2705,2746,42,0.5
2707,2738,32,0.5
2709,2740,32,0.5
2714,2743,30,0.5
2750,2791,42,0.59
2755,2786,32,0.5
2786,2817,32,0.59
2788,2819,32,0
2795,2826,32,0.59
2797,2828,32,0.5
2802,2831,30,0.59
2804,2833,30,0.59
2836,2867,32,0.59
2842,2873,32,0.59
2844,2875,32,0
2866,2907,42,0.5
2872,2903,32,0.5
2878,2909,32,0.5
2910,2941,32,0.59
2912,2943,32,0
2914,2945,32,0.59
2912,2943,32,0.59
2914,2945,32,0.59
2930,2959,30,0.5
2950,3007,58,0.5
2954,2985,32,0.5
2954,3003,50,0.59
2954,3005,52,0
2956,3005,50,0
2970,3001,32,0
2972,3005,34,0.59
2976,3005,30,0
2978,3007,30,0.59
3036,3125,90,0.5
3041,3072,32,0.59
3043,3074,32,0
3045,3076,32,0.59
3069,3098,30,0.5
3072,3129,58,0.59
3074,3131,58,0.59
3076,3127,52,0.59
3078,3127,50,0.59
3078,3129,52,0.59
3080,3129,50,0.59
3088,3119,32,0.59
3092,3123,32,0.59
3094,3125,32,0.5
3099,3128,30,0.59
3101,3130,30,0.59
3134,3165,32,0.59
3136,3167,32,0
3138,3169,32,0
3142,3171,30,0
3144,3173,30,0.59
3142,3253,112,0.59
3144,3255,112,0.59
3146,3257,112,0.59
3206,3263,58,0.59
3208,3265,58,0
3206,3269,64,0.5
3210,3261,52,0.59
3212,3263,52,0
3210,3267,58,0.59
3214,3263,50,0.5
3214,3265,52,0.59
3216,3265,50,0
3223,3264,42,0.59
3225,3266,42,0
3226,3257,32,0.59
3228,3259,32,0
3230,3261,32,0
3230,3261,32,0.59
3234,3263,30,0.5
3236,3265,30,0.5
3254,3283,30,0
3294,3351,58,0.5
3298,3347,50,0.59
3300,3349,50,0.5
3298,3349,52,0
3313,3344,32,0.59
3315,3346,32,0.5
3320,3349,30,0
3322,3351,30,0.59
3330,3371,42,0.5
3354,3383,30,0.59
3358,3415,58,0.5
3362,3413,52,0.5
3364,3413,50,0.5
3378,3409,32,0
3380,3411,32,0.5
3384,3413,30,0.59
3386,3415,30,0
3395,3436,42,0.5
3411,3440,30,0.59
3413,3442,30,0.59
3431,3462,32,0
3431,3462,32,0.59
3454,3511,58,0.59
3456,3513,58,0.59
3458,3509,52,0.59
3460,3511,52,0.59
3461,3510,50,0
3474,3505,32,0.59
3476,3507,32,0.5
3481,3510,30,0
3483,3512,30,0.59
3491,3532,42,0
3549,3578,30,0.5
3571,3620,50,0.59
3573,3604,32,0
3573,3604,32,0.59
3579,3610,32,0.59
3582,3613,32,0.59
3584,3615,32,0
3585,3616,32,0.59
3595,3652,58,0
3598,3649,52,0
3599,3648,50,0.59
3601,3650,50,0.5
3613,3644,32,0.59
3615,3646,32,0.5
3620,3649,30,0.59
3622,3651,30,0.59
3631,3672,42,0.5
3665,3696,32,0.59
3667,3698,32,0.5
3673,3702,30,0.59
3675,3704,30,0.59
3678,3735,58,0.5
3680,3737,58,0.5
3682,3733,52,0.5
3684,3733,50,0.5
3684,3735,52,0.5
3698,3729,32,0
3700,3731,32,0.5
3705,3734,30,0
3707,3736,30,0.59
3716,3757,42,0
3756,3787,32,0.59
3758,3789,32,0
3756,3797,42,0.59
3760,3791,32,0.59
3775,3832,58,0.5
3777,3834,58,0.5
3779,3830,52,0.5
3781,3832,52,0.5
3781,3830,50,0.5
3795,3826,32,0
3797,3828,32,0.5
3801,3830,30,0.59
3803,3832,30,0
3811,3852,42,0.5
3813,3854,42,0.5
3901,4012,112,0.59
3903,4014,112,0.59
3905,4016,112,0.59
3967,4030,64,0.5
3969,4032,64,0.5
3968,4025,58,0.59
3970,4027,58,0.59
3972,4023,52,0.59
3972,4029,58,0.59
3974,4025,52,0.59
3976,4027,52,0.59
3985,4016,32,0.59
3987,4018,32,0.59
3989,4020,32,0.59
3991,4022,32,0
3985,4026,42,0.59
4021,4050,30,0.59
4023,4052,30,0
4040,4081,42,0.5
4044,4075,32,0.59
4046,4077,32,0
4046,4077,32,0
4072,4105,34,0.59
4077,4106,30,0.59
4086,4127,42,0.59
4095,4126,32,0.59
4099,4128,30,0.59
4101,4130,30,0.59
4119,4150,32,0
4121,4152,32,0.59
4119,4150,32,0.59
4121,4152,32,0.59
4125,4154,30,0.5
4202,4231,30,0.5
4216,4273,58,0.59
4220,4271,52,0.59
4222,4273,52,0.59
4221,4270,50,0.59
4223,4272,50,0
4235,4266,32,0.59
4237,4268,32,0
4239,4270,32,0.59
4243,4272,30,0.59
4245,4274,30,0.59
4252,4293,42,0.59
4273,4384,112,0.59
4282,4377,96,0.59
4285,4396,112,0.59
4302,4413,112,0.59
4306,4417,112,0.59
4329,4440,112,0.59
4336,4367,32,0.59
4338,4369,32,0.59
4343,4374,32,0.5
4356,4387,32,0
4358,4389,32,0
4364,4421,58,0
4366,4423,58,0.59
4372,4421,50,0.5
4380,4411,32,0.59
4384,4415,32,0.59
4386,4417,32,0
4392,4421,30,0.5
4391,4448,58,0.59
4393,4450,58,0.59
4395,4446,52,0.59
4397,4446,50,0
4397,4448,52,0.59
4399,4448,50,0.59
4405,4446,42,0.59
4407,4438,32,0.59
4411,4442,32,0
4413,4444,32,0.59
4459,4488,30,0.5
4479,4512,34,0.5
4483,4512,30,0.59
4485,4514,30,0
4499,4528,30,0.59
4540,4571,32,0.59
4542,4573,32,0
4550,4579,30,0.59
4559,4600,42,0.5
4598,4661,64,0.59
4599,4656,58,0.59
4604,4655,52,0
4606,4655,50,0.5
4617,4658,42,0.59
4618,4649,32,0.59
4620,4651,32,0.5
4626,4655,30,0.5
4636,4677,42,0
4666,4697,32,0.5
4670,4699,30,0.59
4672,4701,30,0
4680,4721,42,0.59
4680,4791,112,0.59
4684,4795,112,0.59
4686,4797,112,0.59
4735,4776,42,0.5
4749,4778,30,0.59
4749,4806,58,0.59
4751,4808,58,0.59
4753,4804,52,0.59
4755,4806,52,0.59
4755,4804,50,0
4757,4806,50,0.59
4768,4799,32,0.59
4770,4801,32,0
4772,4803,32,0.59
4776,4805,30,0.59
4778,4807,30,0.59
4798,4829,32,0.59
4800,4831,32,0
4802,4833,32,0.59
4831,4872,42,0.59
4836,4867,32,0.5
4842,4871,30,0.5
4853,4910,58,0.5
4856,4907,52,0.5
4858,4907,50,0.5
4858,4909,52,0.5
4860,4909,50,0
4860,4911,52,0.59
4869,4910,42,0.59
4872,4903,32,0
4874,4905,32,0
4878,4907,30,0
4880,4909,30,0.59
4888,4929,42,0
4890,4931,42,0.5
4902,4931,30,0.59
4906,4963,58,0.59
4908,4965,58,0.59
4910,4961,52,0.59
4912,4961,50,0.59
4912,4963,52,0.59
4928,4959,32,0.5
4935,4964,30,0
4967,4996,30,0.59
4996,5117,122,0.59
4999,5110,112,0.59
5001,5112,112,0.59
5003,5114,112,0.59
5021,5070,50,0.5
5021,5072,52,0.5
5026,5057,32,0.5
5029,5060,32,0.5
5037,5068,32,0.5
5043,5072,30,0
5058,5087,30,0.59
5063,5120,58,0.59
5065,5122,58,0
5063,5126,64,0.5
5067,5118,52,0.59
5069,5120,52,0
5067,5124,58,0.59
5069,5118,50,0
5071,5120,50,0
5071,5122,52,0.59
5080,5121,42,0.59
5082,5123,42,0.59
5083,5114,32,0.59
5085,5116,32,0
5087,5118,32,0.59
5089,5210,122,0.5
5090,5119,30,0.59
5092,5121,30,0
5100,5141,42,0
5102,5143,42,0.59
5107,5202,96,0.59
5109,5204,96,0.59
5114,5143,30,0.59
5137,5186,50,0
5137,5188,52,0.59
5149,5180,32,0.59
5151,5182,32,0
5153,5184,32,0
5150,5181,32,0.59
5152,5183,32,0
5156,5213,58,0.59
5158,5215,58,0.59
5160,5189,30,0.5
5160,5211,52,0.59
5162,5211,50,0.59
5162,5213,52,0.59
5164,5213,50,0.59
5176,5207,32,0.59
5178,5209,32,0.5
5183,5212,30,0.59
5185,5214,30,0.59
5228,5285,58,0.59
5230,5287,58,0.59
5229,5292,64,0.5
5232,5283,52,0.59
5234,5285,52,0.59
5234,5283,50,0.5
5237,5286,50,0.59
5247,5288,42,0.59
5248,5279,32,0
5250,5281,32,0
5252,5283,32,0.5
5255,5284,30,0.59
5257,5286,30,0.59
5265,5306,42,0.5
5278,5311,34,0.5
5281,5402,122,0.59
5283,5404,122,0
5285,5406,122,0.59
5301,5418,118,0.59
5303,5420,118,0.59
5321,5384,64,0.5
5324,5381,58,0.59
5326,5383,58,0.59
5338,5369,32,0
5340,5371,32,0.59
5342,5373,32,0
5344,5375,32,0
5346,5377,32,0.5
5338,5369,32,0.59
5340,5371,32,0.59
5342,5373,32,0
5344,5375,32,0
5346,5377,32,0.5
5339,5370,32,0.59
5341,5372,32,0
5343,5374,32,0
5345,5376,32,0.5
5341,5372,32,0.59
5343,5374,32,0
5345,5376,32,0.5
5342,5373,32,0.59
5344,5375,32,0
5346,5377,32,0.5
5343,5374,32,0.59
5345,5376,32,0.5
5349,5406,58,0.59
5351,5408,58,0.59
5354,5405,52,0.59
5356,5405,50,0.59
5356,5407,52,0.59
5366,5397,32,0.59
5370,5401,32,0.59
5372,5403,32,0.5
5376,5405,30,0.59
5378,5407,30,0
5416,5445,30,0.59
5433,5490,58,0.59
5435,5492,58,0.59
5436,5487,52,0.59
5438,5489,52,0
5440,5491,52,0.59
5438,5487,50,0
5440,5489,50,0
5452,5483,32,0
5454,5485,32,0
5460,5489,30,0.5
5462,5491,30,0.59
5470,5511,42,0.5
5487,5516,30,0.59
5489,5610,122,0.59
5491,5612,122,0.59
5531,5588,58,0.59
5533,5590,58,0
5535,5592,58,0.59
5535,5586,52,0.59
5537,5586,50,0.5
5538,5589,52,0.5
5539,5588,50,0.5
5544,5575,32,0.59
5546,5577,32,0.59
5548,5579,32,0.59
5550,5581,32,0
5549,5580,32,0.59
5551,5582,32,0.59
5549,5590,42,0.5
5551,5582,32,0.59
5553,5584,32,0.5
5557,5614,58,0.59
5559,5616,58,0.59
5559,5588,30,0
5561,5590,30,0.59
5561,5612,52,0.59
5563,5614,52,0.59
5563,5612,50,0.59
5565,5614,50,0.59
5578,5609,32,0.59
5580,5611,32,0.5
5586,5615,30,0
5609,5658,50,0.59
5618,5659,42,0.59
5620,5661,42,0.59
5621,5652,32,0.59
5623,5654,32,0.59
5649,5680,32,0.5
5650,5683,34,0.59
5655,5684,30,0
5675,5724,50,0.5
5676,5707,32,0.5
5678,5709,32,0
5687,5718,32,0.59
5689,5720,32,0
5696,5725,30,0
5703,5754,52,0.5
5718,5749,32,0.59
5720,5751,32,0.5
5725,5754,30,0
5727,5756,30,0
5796,5853,58,0.59
5798,5855,58,0.59
5799,5850,52,0.59
5801,5852,52,0
5801,5850,50,0.5
5812,5843,32,0.5
5815,5846,32,0
5817,5848,32,0
5815,5856,42,0.59
5844,5901,58,0
5847,5898,52,0.59
5849,5900,52,0
5849,5898,50,0.59
5851,5900,50,0.5
5863,5894,32,0.59
5865,5896,32,0.5
5870,5899,30,0.59
5872,5901,30,0
5880,5921,42,0.5
5893,5944,52,0.5
5894,5943,50,0.59
5908,5939,32,0.59
5910,5941,32,0.5
5915,5944,30,0.59
5944,6001,58,0.59
5963,5996,34,0.5
5968,5997,30,0.59
5970,5999,30,0
6004,6035,32,0.59
6007,6038,32,0.59
6010,6043,34,0.59
6013,6042,30,0.59
6015,6044,30,0.59
6037,6088,52,0.5
6038,6069,32,0.59
6040,6071,32,0.5
6045,6074,30,0
6059,6088,30,0.59
6061,6090,30,0
6069,6110,42,0.5
6092,6143,52,0.5
6095,6144,50,0
6106,6137,32,0.59
6108,6139,32,0
6114,6143,30,0.59
6116,6145,30,0.59
6125,6166,42,0.5
6138,6189,52,0.59
6140,6191,52,0.59
6140,6189,50,0.5
6143,6192,50,0.59
6154,6185,32,0
6156,6187,32,0.59
6163,6192,30,0.59
6171,6212,42,0
6176,6303,128,0.59
6182,6299,118,0.59
6229,6286,58,0
6231,6288,58,0.59
6233,6284,52,0
6235,6286,52,0.59
6236,6285,50,0.5
6248,6289,42,0.59
6249,6280,32,0
6251,6282,32,0
6255,6284,30,0.59
6257,6286,30,0
6265,6306,42,0.5
6287,6318,32,0.59
6289,6320,32,0
6291,6322,32,0.5
6295,6324,30,0.59
6297,6326,30,0
6311,6340,30,0.59
6313,6342,30,0
6333,6362,30,0.59
6341,6382,42,0.5
6361,6392,32,0.59
6364,6395,32,0.59
6429,6478,50,0.59
6441,6472,32,0
6443,6474,32,0.59
6475,6516,42,0.5
6546,6603,58,0.59
6548,6605,58,0.59
6550,6601,52,0
6552,6603,52,0.59
6551,6600,50,0.59
6553,6602,50,0
6565,6596,32,0.59
6567,6598,32,0
6569,6600,32,0.59
6573,6602,30,0.59
6575,6604,30,0.59
6582,6623,42,0
6584,6625,42,0.59
6593,6714,122,0.59
6595,6716,122,0.59
6595,6624,30,0.59
6612,6729,118,0.59
6633,6690,58,0.59
6635,6692,58,0
6637,6688,52,0.59
6639,6690,52,0
6639,6688,50,0.5
6641,6690,50,0.5
6650,6681,32,0.59
6652,6683,32,0.59
6654,6685,32,0
6653,6694,42,0.59
6661,6690,30,0.59
6663,6692,30,0.59
6662,6719,58,0.59
6664,6721,58,0.59
6666,6717,52,0.59
6668,6717,50,0.59
6668,6719,52,0.59
6678,6709,32,0.59
6684,6717,34,0.59
6689,6718,30,0.59
6691,6720,30,0.59
6718,6769,52,0.5
6720,6769,50,0.5
6724,6755,32,0.59
6726,6757,32,0.59
6730,6793,64,0.5
6732,6789,58,0.59
6733,6764,32,0.59
6735,6766,32,0.59
6736,6787,52,0.59
6739,6768,30,0.59
6741,6770,30,0.59
6740,6789,50,0.59
6747,6788,42,0.59
6751,6782,32,0
6753,6784,32,0
6759,6788,30,0.5
6768,6809,42,0.5
6788,6829,42,0.5
6809,6930,122,0.59
6811,6932,122,0
6813,6934,122,0.59
6815,6926,112,0.59
6829,6946,118,0.59
6831,6948,118,0.59
6842,6905,64,0.5
6844,6907,64,0.5
6845,6902,58,0.59
6847,6904,58,0
6849,6906,58,0.59
6849,6900,52,0.59
6851,6902,52,0
6853,6904,52,0.59
6850,6899,50,0.59
6852,6901,50,0
6854,6903,50,0.5
6861,6902,42,0.59
6862,6893,32,0.59
6864,6895,32,0
6866,6897,32,0.59
6868,6899,32,0
6864,6895,32,0.59
6866,6897,32,0.59
6868,6899,32,0
6873,6902,30,0
6875,6904,30,0.59
6877,6934,58,0.59
6879,6936,58,0.59
6881,6932,52,0.59
6883,6934,52,0.59
6883,6932,50,0.59
6885,6934,50,0.59
6905,6934,30,0.59
6907,6936,30,0.59
6931,6988,58,0
6935,6986,52,0
6936,6985,50,0
6946,6987,42,0.59
6948,6989,42,0.59
6950,6981,32,0
6952,6983,32,0
6956,6985,30,0.59
6958,6987,30,0
7021,7072,52,0.59
7035,7066,32,0
7037,7068,32,0
7035,7066,32,0.5
7037,7068,32,0
7040,7071,32,0.59
7040,7097,58,0.59
7050,7091,42,0.59
7062,7093,32,0.5
7064,7095,32,0.59
7068,7097,30,0
7070,7099,30,0.59
7108,7137,30,0.59
7110,7139,30,0.59
7118,7159,42,0.5
7132,7161,30,0.59
7150,7239,90,0.59
7195,7226,32,0.59
7197,7228,32,0
7197,7228,32,0.59
7230,7259,30,0.59
7232,7261,30,0.59
7240,7281,42,0.5
7252,7303,52,0.59
7263,7294,32,0.59
7265,7296,32,0
7264,7295,32,0.5
7266,7297,32,0.59
7266,7297,32,0.59
7293,7322,30,0.59
7308,7337,30,0.59
7328,7357,30,0.59
7330,7359,30,0.59
7363,7394,32,0.59
7365,7396,32,0.59
7369,7398,30,0.59
7371,7400,30,0.59
7380,7421,42,0.59
7382,7439,58,0.5
7386,7437,52,0.5
7388,7437,50,0.5
7390,7421,32,0.5
7393,7424,32,0.59
7402,7433,32,0.5
7408,7437,30,0
7418,7459,42,0.5
7450,7481,32,0.5
7465,7522,58,0.59
7467,7524,58,0
7469,7520,52,0.59
7471,7522,52,0
7471,7520,50,0.59
7473,7522,50,0.5
7478,7509,32,0.5
7487,7518,32,0.5
7493,7522,30,0
7495,7524,30,0.59
7503,7544,42,0
7538,7589,52,0.5
7551,7592,42,0
7554,7585,32,0.5
7557,7588,32,0.5
7560,7589,30,0.5
7562,7591,30,0.5
7580,7637,58,0.5
7585,7636,52,0.5
7587,7636,50,0
7587,7638,52,0.59
7589,7638,50,0.59
7596,7637,42,0.5
7599,7630,32,0.59
7601,7632,32,0
7607,7636,30,0
7616,7657,42,0.5
7640,7671,32,0.59
7642,7673,32,0
7644,7675,32,0.59
7647,7676,30,0.59
7649,7678,30,0.59
7663,7694,32,0.5
7671,7700,30,0.59
7697,7730,34,0
7702,7731,30,0
7704,7733,30,0
7712,7753,42,0.5
7724,7765,42,0.59
7735,7784,50,0
7742,7773,32,0.59
7747,7778,32,0
7749,7780,32,0
7755,7784,30,0.59
7769,7890,122,0
7775,7886,112,0.59
7780,7809,30,0.59
7792,7823,32,0.5
7797,7828,32,0.5
7844,7885,42,0.5
7845,7876,32,0.59
7847,7878,32,0.59
7849,7880,32,0
7848,7879,32,0.59
7850,7881,32,0.59
7855,7886,32,0.5
7879,7910,32,0.5
7880,7913,34,0.59
7884,7913,30,0
7886,7915,30,0
7906,7937,32,0.5
7910,7939,30,0.59
7912,7941,30,0
7926,7955,30,0.59
7947,7988,42,0
7950,7981,32,0.59
7952,7983,32,0
7953,7984,32,0.59
7977,8006,30,0.59
8042,8083,42,0.5
8046,8077,32,0.59
8048,8079,32,0.59
8049,8090,42,0.5
8118,8159,42,0.59
8120,8151,32,0.59
8122,8155,34,0.59
8125,8154,30,0.59
8127,8156,30,0.59
8134,8175,42,0.59
8136,8177,42,0
8138,8179,42,0.59
8157,8278,122,0.59
8159,8270,112,0.59
8161,8272,112,0.59
8163,8274,112,0.59
8165,8276,112,0.59
8168,8289,122,0.5
8172,8283,112,0.59
8175,8232,58,0
8177,8234,58,0
8178,8229,52,0.59
8180,8231,52,0.59
8182,8233,52,0
8181,8230,50,0
8183,8232,50,0
8189,8220,32,0.59
8193,8234,42,0.59
8195,8226,32,0.59
8197,8228,32,0.5
8202,8231,30,0.59
8204,8233,30,0
8213,8254,42,0.5
8227,8284,58,0.59
8229,8280,52,0.59
8231,8282,52,0.59
8245,8276,32,0.59
8245,8286,42,0
8247,8278,32,0
8249,8280,32,0
8251,8282,32,0.5
8249,8280,32,0.59
8251,8282,32,0.5
8299,8330,32,0.59
8301,8332,32,0
8303,8334,32,0.59
8300,8331,32,0.59
8302,8333,32,0
8304,8335,32,0.5
8300,8351,52,0.59
8309,8372,64,0.5
8312,8369,58,0.59
8314,8371,58,0.59
8316,8347,32,0.59
8318,8349,32,0.59
8320,8351,32,0.59
8316,8367,52,0.59
8318,8369,52,0.59
8317,8366,50,0.59
8319,8368,50,0
8323,8354,32,0.59
8331,8362,32,0.59
8333,8364,32,0
8335,8366,32,0.59
8338,8367,30,0.5
8341,8370,30,0.59
8349,8390,42,0.5
8390,8453,64,0.5
8392,8449,58,0.59
8394,8451,58,0
8396,8453,58,0.59
8396,8447,52,0.59
8398,8449,52,0
8400,8451,52,0.59
8398,8447,50,0
8400,8449,50,0
8411,8442,32,0.59
8413,8444,32,0
8415,8446,32,0
8420,8449,30,0
8422,8451,30,0.59
8430,8471,42,0.5
8450,8513,64,0
8456,8507,52,0.59
8458,8507,50,0.59
8460,8509,50,0.59
8468,8509,42,0.59
8470,8501,32,0.59
8472,8503,32,0
8474,8505,32,0
8472,8503,32,0.59
8474,8505,32,0
8475,8506,32,0.59
8480,8509,30,0.5
8543,8654,112,0.59
8544,8665,122,0.5
8545,8576,32,0
8547,8578,32,0.59
8553,8664,112,0.59
8557,8668,112,0.59
8559,8670,112,0.59
8576,8609,34,0
8581,8610,30,0.59
8582,8639,58,0.59
8614,8665,52,0.59
8616,8667,52,0.59
8616,8665,50,0
8626,8657,32,0
8626,8657,32,0
8628,8659,32,0.59
8630,8661,32,0
8632,8663,32,0
8630,8683,54,0
8660,8701,42,0.5
8678,8707,30,0.59
8680,8709,30,0.59
8678,8729,52,0.5
8680,8731,52,0
8680,8729,50,0.5
8682,8731,50,0
8690,8721,32,0.59
8692,8723,32,0.59
8694,8725,32,0.59
8696,8727,32,0
8698,8729,32,0.59
8691,8722,32,0.59
8693,8724,32,0.59
8695,8726,32,0
8697,8728,32,0
8692,8733,42,0.5
8701,8730,30,0.5
8703,8732,30,0.5
8725,8754,30,0.5
8755,8812,58,0.59
8758,8809,52,0.5
8768,8799,32,0.5
8770,8801,32,0.59
8768,8799,32,0.59
8770,8801,32,0.59
8772,8813,42,0.59
8773,8804,32,0.5
8775,8806,32,0.5
8902,8933,32,0.5
8903,9014,112,0.59
8905,9016,112,0.59
8977,9008,32,0.59
8988,9019,32,0.5
8988,9019,32,0.59
8989,9020,32,0.59
8991,9022,32,0
8993,9024,32,0.5
9058,9121,64,0.59
9060,9123,64,0.5
9076,9107,32,0.59
9077,9118,42,0.59
9079,9110,32,0.59
9081,9112,32,0
9083,9114,32,0.5
9080,9111,32,0.59
9082,9113,32,0
9084,9115,32,0.5
9081,9112,32,0.59
9083,9114,32,0.5
9082,9113,32,0.59
9084,9115,32,0.5
9093,9122,30,0.5
9145,9174,30,0
9156,9207,52,0.59
9169,9210,42,0.59
9171,9202,32,0
9173,9204,32,0
9173,9204,32,0.59
9230,9293,64,0.5
9232,9295,64,0.5
9231,9262,32,0
9233,9264,32,0
9232,9289,58,0.59
9234,9291,58,0.59
9236,9287,52,0.59
9236,9293,58,0.59
9238,9287,50,0.5
9240,9289,50,0.59
9238,9289,52,0.59
9240,9291,52,0.59
9251,9282,32,0
9253,9284,32,0.59
9252,9283,32,0.59
9254,9285,32,0.59
9307,9348,42,0.59
9312,9343,32,0.5
9312,9345,34,0.59
9318,9347,30,0
9333,9364,32,0.59
9335,9366,32,0
9334,9365,32,0.5
9336,9367,32,0.59
9334,9375,42,0.59
9399,9450,52,0.59
9402,9513,112,0.59
9413,9454,42,0.59
9414,9445,32,0
9416,9447,32,0.5
9445,9476,32,0.59
9447,9478,32,0.59
9449,9480,32,0
9470,9499,30,0.59
9483,9514,32,0.59
9485,9516,32,0
9485,9516,32,0.59
9488,9519,32,0.5
9562,9591,30,0.5
9564,9593,30,0.59
9571,9612,42,0.5
9692,9803,112,0.59
9694,9805,112,0.59
9696,9807,112,0.59
9693,9722,30,0.59
9706,9817,112,0.59
9719,9748,30,0.59
9734,9763,30,0.59
9750,9779,30,0.59
9759,9816,58,0.59
9763,9814,52,0.59
9764,9793,30,0
9765,9816,52,0.59
9766,9795,30,0.59
9777,9808,32,0.59
9779,9810,32,0
9780,9811,32,0.59
9783,9814,32,0.59
9816,9847,32,0
9818,9849,32,0.59
9823,9852,30,0.59
9825,9854,30,0.59
9868,9925,58,0.59
9870,9927,58,0.59
9872,9923,52,0.59
9874,9925,52,0.59
9874,9923,50,0.59
9876,9925,50,0.59
9886,9927,42,0.59
9888,9919,32,0.59
9890,9921,32,0
9895,9924,30,0.59
9897,9926,30,0
9905,9946,42,0.5
9965,9994,30,0.59
9970,10081,112,0
9972,10083,112,0
9974,10085,112,0.59
9994,10035,42,0.5
9996,10037,42,0.59
9997,10028,32,0
9999,10030,32,0.59
10036,10093,58,0
10039,10090,52,0.59
10042,10091,50,0
10052,10093,42,0.59
10054,10085,32,0.59
10056,10087,32,0
10058,10089,32,0
10063,10092,30,0.5
10140,10171,32,0.5
10143,10176,34,0
10147,10176,30,0.59
10149,10178,30,0.5
10157,10278,122,0
10159,10280,122,0.59
10161,10272,112,0.59
10163,10274,112,0.59
10168,10289,122,0.59
10172,10283,112,0.59
10174,10285,112,0.59
10207,10318,112,0.59
10209,10320,112,0.59
10211,10322,112,0.59
10225,10282,58,0.59
10228,10279,52,0.59
10230,10281,52,0.59
10245,10276,32,0
10247,10278,32,0.59
10264,10293,30,0.59
10274,10331,58,0
10276,10333,58,0
10278,10327,50,0.59
10280,10329,50,0
10282,10331,50,0
10278,10329,52,0
10280,10331,52,0
10292,10323,32,0.59
10294,10325,32,0
10296,10327,32,0
10301,10330,30,0.59
10303,10332,30,0.59
10310,10351,42,0.5
10312,10353,42,0.5
10326,10389,64,0.59
10328,10391,64,0.5
10329,10386,58,0.59
10331,10388,58,0.59
10333,10390,58,0.59
10335,10386,52,0.5
10336,10385,50,0.5
10345,10376,32,0.5
10347,10378,32,0.59
10349,10380,32,0.59
10351,10382,32,0
10353,10384,32,0.59
10357,10386,30,0.5
10359,10388,30,0.59
10384,10413,30,0
10394,10435,42,0.5
10397,10460,64,0.5
10399,10462,64,0.5
10401,10458,58,0.59
10403,10460,58,0.59
10405,10456,52,0.59
10406,10455,50,0.59
10408,10457,50,0.59
10416,10457,42,0.59
10419,10450,32,0.59
10421,10452,32,0
10420,10451,32,0.59
10422,10453,32,0.59
10463,10526,64,0.5
10465,10528,64,0.5
10464,10495,32,0
10466,10497,32,0.59
10472,10521,50,0.59
10480,10511,32,0.59
10480,10521,42,0.59
10484,10515,32,0.59
10486,10517,32,0
10531,10562,32,0.5
10542,10599,58,0.59
10544,10601,58,0.59
10546,10597,52,0.59
10548,10599,52,0.59
10547,10596,50,0.59
10549,10598,50,0
10561,10592,32,0
10563,10594,32,0
10599,10630,32,0
10606,10635,30,0
10621,10662,42,0.59
10622,10653,32,0.59
10624,10655,32,0.59
10627,10658,32,0.5
10641,10672,32,0.5
10641,10672,32,0.59
10711,10774,64,0.5
10713,10770,58,0.59
10715,10772,58,0.59
10717,10768,52,0.59
10719,10770,52,0.59
10718,10767,50,0.59
10720,10769,50,0
10733,10764,32,0
10735,10766,32,0
10741,10770,30,0.59
10751,10792,42,0.5
10794,10845,52,0.59
10807,10838,32,0.59
10809,10840,32,0
10811,10842,32,0
10807,10860,54,0.5
10812,10843,32,0.59
10886,10949,64,0.5
10888,10945,58,0.59
10890,10947,58,0.59
10892,10943,52,0.59
10894,10945,52,0.59
10894,10943,50,0
10896,10945,50,0.59
10906,10937,32,0.59
10908,10939,32,0
10910,10941,32,0
10907,10938,32,0.59
10909,10940,32,0
10911,10942,32,0.5
10908,10939,32,0.59
10910,10941,32,0
10909,10940,32,0.59
10911,10942,32,0.5
10916,10945,30,0.59
10926,10967,42,0.5
10940,10991,52,0.59
10954,10985,32,0.59
10956,10987,32,0
10958,10989,32,0.59
10956,10987,32,0.59
10958,10989,32,0.59
10984,11111,128,0.5
10986,11113,128,0.59
11031,11060,30,0.59
11042,11105,64,0.5
11049,11098,50,0.59
11062,11093,32,0.59
11064,11095,32,0
11065,11096,32,0.59
11099,11130,32,0.5
11101,11132,32,0
11103,11134,32,0.5
11099,11130,32,0.59
11101,11132,32,0
11103,11134,32,0.5
11127,11184,58,0
11132,11183,52,0.59
11133,11182,50,0
11147,11178,32,0
11153,11182,30,0
11155,11184,30,0.59
11163,11204,42,0.5
11173,11202,30,0.59
11182,11213,32,0
11184,11215,32,0.59
11230,11259,30,0.59
11257,11290,34,0
11333,11396,64,0
11335,11398,64,0.59
11337,11394,58,0.59
11339,11370,32,0.59
11339,11396,58,0.59
11341,11390,50,0.59
11343,11392,50,0
11341,11392,52,0.59
11343,11394,52,0.59
11349,11380,32,0.59
11351,11392,42,0.59
11353,11384,32,0.59
11355,11386,32,0.59
11357,11388,32,0
11363,11392,30,0.5
11409,11520,112,0.59
11422,11451,30,0.59
11428,11491,64,0.5
11430,11487,58,0.59
11432,11489,58,0
11434,11491,58,0
11434,11485,52,0.59
11436,11487,52,0
11438,11489,52,0
11436,11485,50,0
11438,11487,50,0
11450,11481,32,0.59
11452,11483,32,0.59
11454,11485,32,0.5
11459,11488,30,0.59
11461,11490,30,0
11469,11532,64,0.5
11475,11526,52,0.59
11475,11532,58,0.59
11477,11526,50,0.5
11480,11511,32,0.5
11482,11513,32,0.59
11480,11511,32,0.59
11482,11513,32,0.59
11484,11515,32,0.59
11486,11517,32,0
11485,11526,42,0.59
11486,11517,32,0.5
11489,11520,32,0
11491,11522,32,0
11489,11520,32,0.59
11491,11522,32,0
11491,11522,32,0.59
11578,11609,32,0.5
11584,11613,30,0.59
11586,11615,30,0.59
11594,11635,42,0
11611,11652,42,0.5
11658,11687,30,0.5
11672,11783,112,0.59
11674,11785,112,0.59
11680,11791,112,0.59
11682,11793,112,0.59
11684,11795,112,0.59
11686,11797,112,0.59
11696,11737,42,0
11701,11732,32,0.5
11749,11806,58,0.59
11751,11808,58,0.59
11753,11804,52,0.59
11755,11806,52,0.59
11754,11803,50,0.59
11756,11805,50,0
11769,11800,32,0
11771,11802,32,0
11777,11806,30,0.59
11865,11894,30,0
11867,11896,30,0.59
11873,11914,42,0.59
11875,11916,42,0.5
11891,12002,112,0.59
11905,12016,112,0.59
11957,12068,112,0.59
11962,12073,112,0.59
11974,12005,32,0.59
11974,12085,112,0.59
11977,12008,32,0.5
12026,12083,58,0.59
12028,12085,58,0.59
12030,12081,52,0.59
12032,12083,52,0.59
12031,12080,50,0.59
12033,12082,50,0.5
12045,12076,32,0.59
12047,12078,32,0
12049,12080,32,0.59
12055,12084,30,0.59
12063,12104,42,0
12162,12193,32,0.5
12188,12299,112,0.59
12190,12301,112,0.59
12202,12313,112,0.59
12204,12315,112,0.59
12217,12328,112,0.59
12264,12321,58,0.59
12272,12303,32,0.59
12274,12305,32,0
12276,12307,32,0.59
12278,12309,32,0
12284,12315,32,0.5
12301,12332,32,0
12303,12356,54,0
12391,12422,32,0
12393,12424,32,0.59
12398,12427,30,0.5
12461,12582,122,0.59
12463,12584,122,0
12465,12586,122,0.59
12467,12588,122,0.59
12469,12590,122,0.59
12465,12576,112,0.59
12467,12578,112,0.59
12481,12598,118,0
12483,12600,118,0
12485,12602,118,0.59
12490,12541,52,0.5
12503,12544,42,0.59
12506,12537,32,0.5
12512,12541,30,0
12514,12543,30,0.59
12522,12563,42,0.59
12529,12586,58,0.59
12531,12588,58,0
12533,12584,52,0.59
12535,12586,52,0
12535,12584,50,0
12537,12586,50,0
12546,12587,42,0.59
12549,12580,32,0.59
12551,12582,32,0
12553,12584,32,0.59
12556,12585,30,0.5
12559,12588,30,0.59
12565,12606,42,0.5
12567,12608,42,0.5
12589,12646,58,0.59
12591,12648,58,0
12593,12644,52,0.59
12595,12644,50,0.5
12595,12646,52,0
12600,12631,32,0.59
12607,12638,32,0
12609,12640,32,0.59
12611,12642,32,0.5
12607,12638,32,0.59
12609,12640,32,0.59
12611,12642,32,0.5
12608,12639,32,0.59
12610,12641,32,0.59
12618,12647,30,0.5
12660,12781,122,0.59
12668,12779,112,0.59
12687,12716,30,0.59
12689,12718,30,0
12711,12752,42,0.59
12712,12743,32,0.59
12714,12745,32,0.5
12719,12748,30,0
12721,12750,30,0
12722,12779,58,0.59
12726,12777,52,0.59
12739,12770,32,0.59
12741,12772,32,0
12739,12780,42,0.59
12811,12840,30,0.5
12829,12878,50,0.59
12837,12948,112,0.59
12838,12959,122,0.59
12839,12880,42,0.59
12839,12950,112,0.59
12842,12873,32,0.59
12845,12876,32,0.59
12848,12877,30,0.59
12850,12879,30,0.59
12853,12942,90,0.59
12859,12900,42,0.59
12877,12934,58,0.59
12879,12936,58,0
12881,12938,58,0
12881,12932,52,0.59
12883,12934,52,0
12885,12936,52,0
12882,12913,32,0.59
12883,12932,50,0.5
12885,12934,50,0.5
12887,12936,50,0.5
12884,12915,32,0.59
12886,12917,32,0.59
12896,12927,32,0.59
12898,12929,32,0
12900,12931,32,0
12897,12928,32,0.5
12899,12930,32,0
12901,12932,32,0.5
12897,12938,42,0
12906,12935,30,0
12916,12957,42,0.59
12918,12949,32,0.59
12922,12953,32,0
12922,12953,32,0
12969,13026,58,0.59
12973,13024,52,0.59
12975,13004,30,0.59
12977,13006,30,0
12985,13026,42,0.59
12987,13018,32,0.59
12989,13020,32,0
12991,13022,32,0.59
12987,13028,42,0
12989,13020,32,0.59
12991,13022,32,0.59
13081,13114,34,0.59
13086,13115,30,0.59
13088,13117,30,0.59
13096,13137,42,0.5
13112,13143,32,0.59
13112,13153,42,0.59
13114,13145,32,0.5
13120,13149,30,0
13122,13151,30,0.59
13137,13232,96,0.5
13159,13188,30,0.59
13168,13199,32,0.59
13170,13201,32,0.59
13174,13205,32,0
13174,13205,32,0.59
13188,13245,58,0.59
13190,13247,58,0.59
13191,13220,30,0
13192,13243,52,0.59
13194,13245,52,0.59
13193,13242,50,0.59
13195,13244,50,0
13207,13238,32,0.59
13209,13240,32,0
13215,13244,30,0.59
13217,13246,30,0.59
13235,13266,32,0.59
13237,13268,32,0
13241,13270,30,0.59
13243,13272,30,0
13254,13285,32,0.5
13298,13349,52,0.59
13304,13345,42,0.59
13309,13340,32,0.5
13311,13342,32,0.59
13309,13340,32,0.59
13311,13342,32,0.59
13314,13345,32,0.5
13322,13351,30,0.5
13344,13393,50,0.5
13354,13385,32,0.59
13357,13388,32,0
13359,13390,32,0
13363,13392,30,0.59
13365,13394,30,0
13374,13415,42,0.5
13406,13447,42,0.59
13408,13439,32,0.59
13410,13441,32,0
13412,13443,32,0.59
13489,13600,112,0.59
13491,13602,112,0.59
13493,13604,112,0.59
13504,13615,112,0.59
13506,13617,112,0.59
13530,13561,32,0.5
13535,13566,32,0
13537,13568,32,0.59
13555,13612,58,0.59
13560,13611,52,0.59
13574,13605,32,0.59
13576,13607,32,0
13577,13608,32,0.59
13582,13671,90,0.5
13584,13673,90,0.59
13588,13619,32,0.5
13595,13624,30,0
13604,13645,42,0.5
13611,13674,64,0
13612,13669,58,0.59
13614,13671,58,0.59
13616,13667,52,0.59
13618,13669,52,0.59
13616,13673,58,0.59
13618,13667,50,0.59
13620,13669,50,0
13620,13671,52,0.59
13628,13669,42,0.59
13630,13661,32,0.59
13633,13664,32,0.59
13635,13666,32,0.59
13669,13710,42,0.5
13687,13728,42,0.59
13689,13730,42,0.59
13691,13722,32,0
13693,13724,32,0
13694,13725,32,0.59
13698,13727,30,0.5
13700,13729,30,0.5
13708,13749,42,0.5
13710,13751,42,0.59
13719,13748,30,0.59
13754,13785,32,0.59
13756,13787,32,0.59
13803,13844,42,0
13815,13844,30,0.59
13824,13881,58,0.59
13826,13883,58,0
13828,13885,58,0.59
13828,13879,52,0.59
13830,13881,52,0
13830,13879,50,0.59
13832,13881,50,0
13844,13875,32,0.59
13846,13877,32,0
13852,13881,30,0.59
13854,13883,30,0.59
13862,13903,42,0.5
13882,13923,42,0.5
13897,13946,50,0.5
13909,13940,32,0.59
13911,13942,32,0
13909,13966,58,0.59
13911,13968,58,0
13913,13970,58,0.59
13909,13972,64,0.5
13913,13964,52,0.59
13915,13966,52,0.59
13915,13964,50,0.59
13917,13966,50,0.59
13929,13960,32,0.59
13931,13962,32,0
13936,13965,30,0.59
13938,13967,30,0.59
13946,13987,42,0.5
13973,14002,30,0.59
13975,14004,30,0
13982,14023,42,0.59
13984,14025,42,0
13995,14024,30,0.59
14008,14041,34,0.59
14014,14043,30,0.59
14023,14064,42,0.5
14025,14136,112,0.59
14027,14138,112,0.59
14029,14140,112,0.59
14031,14142,112,0.59
14033,14144,112,0.59
14035,14146,112,0.59
14028,14149,122,0.59
14030,14151,122,0
14031,14080,50,0.59
14040,14151,112,0.59
14044,14155,112,0
14046,14157,112,0.59
14048,14159,112,0.59
14050,14161,112,0.59
14045,14076,32,0.59
14047,14078,32,0.5
14051,14080,30,0.59
14053,14082,30,0
14060,14101,42,0.59
14096,14127,32,0.59
14101,14152,52,0.59
14103,14154,52,0.59
14102,14151,50,0.59
14104,14153,50,0.5
14113,14144,32,0.59
14115,14146,32,0.59
14117,14148,32,0
14119,14150,32,0
14119,14168,50,0.59
14123,14152,30,0.5
14139,14168,30,0.5
14148,14189,42,0.5
14156,14189,34,0.5
14160,14189,30,0
14162,14191,30,0
14169,14210,42,0.59
14181,14210,30,0
14183,14212,30,0.59
14185,14242,58,0.5
14188,14239,52,0.5
14203,14234,32,0.59
14203,14244,42,0.59
14205,14236,32,0.5
14211,14240,30,0
14213,14242,30,0.59
14236,14269,34,0.5
14241,14270,30,0
14243,14272,30,0.59
14255,14288,34,0
14261,14290,30,0
14270,14311,42,0.5
14286,14327,42,0.59
14289,14320,32,0.59
14291,14322,32,0.59
14330,14393,64,0.5
14332,14395,64,0.59
14332,14389,58,0.59
14334,14391,58,0.59
14336,14367,32,0.59
14336,14387,52,0.59
14338,14389,52,0.59
14338,14387,50,0
14340,14389,50,0.59
14339,14368,30,0.59
14341,14370,30,0.59
14348,14389,42,0.59
14352,14383,32,0
14354,14385,32,0.59
14414,14463,50,0.59
14425,14456,32,0
14427,14458,32,0
14429,14460,32,0.59
14433,14462,30,0.59
14435,14464,30,0.59
14444,14475,32,0.5
14456,14485,30,0.5
14463,14504,42,0.59
14465,14506,42,0.5
14471,14582,112,0.59
14473,14584,112,0.59
14473,14594,122,0.59
14475,14596,122,0.59
14485,14526,42,0.5
14548,14579,32,0.59
14555,14586,32,0.5
14555,14586,32,0.59
14569,14680,112,0.59
14571,14682,112,0.59
14573,14684,112,0.59
14575,14686,112,0.59
14585,14696,112,0.59
14602,14659,58,0.59
14604,14661,58,0.59
14606,14657,52,0.59
14608,14659,52,0.59
14608,14657,50,0.59
14610,14659,50,0.59
14621,14662,42,0.59
14623,14654,32,0.59
14625,14656,32,0
14630,14659,30,0.59
14632,14661,30,0.59
14637,14694,58,0
14641,14692,52,0
14643,14694,52,0.59
14644,14693,50,0.5
14654,14695,42,0.59
14655,14686,32,0.59
14657,14688,32,0
14659,14690,32,0.59
14665,14694,30,0.5
14679,14708,30,0.59
14705,14736,32,0.5
14707,14740,34,0.59
14710,14739,30,0
14712,14741,30,0
14746,14779,34,0.5
14751,14780,30,0
14753,14782,30,0.59
14822,14871,50,0
14824,14873,50,0
14822,14873,52,0
14824,14875,52,0.59
14836,14867,32,0
14838,14869,32,0
14837,14878,42,0.59
14840,14871,32,0
14844,14873,30,0.59
14846,14875,30,0
14886,14917,32,0
14888,14919,32,0.59
14893,14922,30,0.5
14931,14982,52,0.5
14933,14982,50,0.5
14945,14976,32,0.59
14947,14978,32,0
14949,14980,32,0
14946,14999,54,0.5
14969,14998,30,0.59
14976,15017,42,0.5
14977,15018,42,0.5
