10,41,32,0.59
12,43,32,0
18,47,30,0.59
20,49,30,0.59
27,68,42,0.5
29,70,42,0.59
57,90,34,0
61,90,30,0.59
63,92,30,0
68,119,52,0.5
69,118,50,0.5
82,113,32,0.59
84,115,32,0.5
89,118,30,0.59
91,120,30,0
100,141,42,0.5
143,172,30,0.59
145,174,30,0.59
153,210,58,0.59
155,212,58,0
157,208,52,0
159,210,52,0
158,207,50,0.59
160,209,50,0
172,203,32,0.59
174,205,32,0
176,207,32,0.5
180,209,30,0.59
182,211,30,0
189,230,42,0.5
191,232,42,0.5
225,256,32,0
227,258,32,0
227,268,42,0.59
241,298,58,0.59
243,300,58,0
245,296,52,0.59
247,298,52,0
247,296,50,0.59
249,298,50,0
259,300,42,0.59
261,292,32,0.59
263,294,32,0
268,297,30,0.59
270,299,30,0
278,319,42,0.5
280,373,94,0.5
301,358,58,0.59
303,360,58,0
305,356,52,0.59
307,358,52,0
306,355,50,0.59
308,357,50,0.5
321,362,42,0.59
321,352,32,0.59
323,354,32,0.5
328,357,30,0.59
330,359,30,0
372,413,42,0.59
376,407,32,0.5
378,409,32,0
380,437,58,0.5
384,435,52,0.5
385,434,50,0.5
398,429,32,0.59
400,431,32,0.5
401,434,34,0.59
405,434,30,0.59
407,436,30,0.59
414,455,42,0
416,457,42,0.5
449,506,58,0
451,508,58,0.59
453,504,52,0
455,506,52,0.59
455,504,50,0
457,506,50,0.59
466,507,42,0.59
469,500,32,0
471,502,32,0.5
476,505,30,0
498,529,32,0.59
554,585,32,0
556,587,32,0.59
585,634,50,0.5
593,624,32,0.5
597,628,32,0.59
599,630,32,0
601,632,32,0.5
601,634,34,0.59
605,634,30,0.59
607,636,30,0
627,658,32,0.59
629,660,32,0.59
631,662,32,0.59
633,664,32,0.59
687,716,30,0.59
689,746,58,0.5
692,743,52,0
694,745,52,0.59
693,742,50,0
695,744,50,0.5
707,738,32,0
709,740,32,0.5
714,743,30,0.59
716,745,30,0.59
724,765,42,0.5
770,799,30,0.59
771,828,58,0
773,830,58,0
775,826,52,0
777,828,52,0
776,825,50,0.59
778,827,50,0
791,822,32,0
793,824,32,0.5
798,827,30,0.59
800,829,30,0.59
807,848,42,0.5
809,850,42,0
845,902,58,0
847,904,58,0.59
848,879,32,0.59
849,900,52,0
851,902,52,0.59
850,881,32,0
852,883,32,0.59
850,881,32,0.59
852,883,32,0.59
863,904,42,0.59
863,894,32,0.59
865,896,32,0
867,898,32,0.59
872,901,30,0.5
875,932,58,0.59
877,934,58,0
879,930,52,0.59
881,932,52,0.59
881,930,50,0.59
895,926,32,0.59
898,929,32,0.5
902,931,30,0.59
904,933,30,0
913,954,42,0.59
949,980,32,0.59
951,982,32,0.5
953,986,34,0.59
956,985,30,0.59
958,987,30,0
999,1094,96,0.5
1017,1048,32,0
1019,1050,32,0
1033,1064,32,0.5
1047,1104,58,0.59
1049,1106,58,0
1051,1102,52,0.59
1053,1104,52,0
1053,1102,50,0
1055,1104,50,0.5
1067,1098,32,0.59
1069,1100,32,0.5
1074,1103,30,0.59
1076,1105,30,0.59
1084,1125,42,0.5
1100,1141,42,0.59
1104,1135,32,0
1106,1137,32,0
1104,1135,32,0.5
1106,1137,32,0
1128,1157,30,0.59
1133,1190,58,0.5
1137,1188,52,0.5
1139,1188,50,0.5
1151,1182,32,0.59
1153,1184,32,0
1158,1187,30,0.5
1160,1189,30,0.59
1169,1210,42,0.5
1195,1226,32,0.59
1219,1250,32,0.5
1226,1257,32,0.59
1261,1292,32,0.59
1263,1294,32,0.5
1269,1298,30,0.59
1271,1300,30,0.59
1273,1394,122,0.59
1275,1396,122,0
1277,1398,122,0.59
1279,1320,42,0.5
1279,1390,112,0.59
1293,1410,118,0.59
1295,1412,118,0.59
1314,1371,58,0.5
1318,1369,52,0.5
1320,1369,50,0.5
1323,1352,30,0.59
1330,1371,42,0.59
1332,1373,42,0.59
1334,1365,32,0.5
1336,1367,32,0.59
1337,1370,34,0.5
1340,1369,30,0.5
1341,1398,58,0.59
1343,1400,58,0
1345,1402,58,0.59
1345,1396,52,0.59
1347,1398,52,0
1349,1400,52,0.59
1347,1396,50,0.59
1349,1398,50,0
1362,1393,32,0.59
1364,1395,32,0.5
1369,1398,30,0.59
1371,1400,30,0.59
1388,1483,96,0.59
1390,1485,96,0.59
1440,1503,64,0.5
1442,1505,64,0.5
1442,1499,58,0.59
1444,1501,58,0.59
1445,1496,52,0
1447,1498,52,0.59
1447,1496,50,0
1449,1498,50,0.59
1457,1498,42,0.59
1460,1491,32,0.59
1462,1493,32,0
1464,1495,32,0.59
1470,1499,30,0.59
1505,1534,30,0.59
1507,1536,30,0.59
1505,1568,64,0.5
1511,1568,58,0.59
1513,1562,50,0.59
1515,1564,50,0.59
1515,1566,52,0.59
1522,1553,32,0.59
1522,1563,42,0.59
1526,1557,32,0.59
1528,1559,32,0
1527,1558,32,0.59
1529,1560,32,0.59
1528,1559,32,0.59
1555,1650,96,0.59
1557,1652,96,0.59
1588,1645,58,0
1590,1647,58,0.59
1592,1643,52,0
1594,1645,52,0.59
1593,1624,32,0.59
1594,1643,50,0
1596,1645,50,0.59
1607,1638,32,0.59
1609,1640,32,0
1611,1642,32,0.59
1615,1644,30,0.59
1617,1646,30,0.59
1662,1693,32,0.5
1699,1732,34,0
1703,1732,30,0.59
1705,1734,30,0.59
1739,1792,54,0.5
1741,1782,42,0.59
1743,1774,32,0.59
1745,1776,32,0.59
1747,1778,32,0.59
1759,1788,30,0
1870,1981,112,0.59
1872,1983,112,0.59
1897,1930,34,0.5
1934,1997,64,0.5
1935,1992,58,0.59
1939,1990,52,0.59
1942,1991,50,0
1944,1993,50,0.59
1951,1992,42,0.59
1954,1985,32,0.59
1956,1987,32,0
1958,1989,32,0.59
1956,1987,32,0.59
1958,1989,32,0.59
1963,1992,30,0.5
2022,2053,32,0.59
2024,2055,32,0.5
2029,2058,30,0
2031,2060,30,0
2039,2080,42,0.5
2041,2082,42,0
2049,2098,50,0.59
2063,2094,32,0
2068,2097,30,0
2070,2099,30,0.59
2106,2147,42,0.5
2108,2139,32,0.59
2110,2141,32,0.59
2112,2143,32,0.5
2213,2324,112,0.59
2215,2326,112,0.59
2215,2246,32,0.5
2233,2274,42,0.59
2251,2282,32,0.5
2258,2287,30,0.59
2277,2334,58,0.59
2279,2336,58,0.59
2281,2332,52,0.59
2283,2334,52,0.59
2281,2338,58,0.59
2284,2333,50,0.59
2285,2336,52,0.59
2294,2335,42,0.59
2297,2328,32,0.59
2299,2330,32,0
2301,2332,32,0.59
2306,2335,30,0.5
2315,2356,42,0.5
2332,2361,30,0.59
2334,2363,30,0.59
2343,2374,32,0.5
2345,2378,34,0
2349,2378,30,0.59
2351,2380,30,0.59
2354,2475,122,0.59
2356,2477,122,0.59
2362,2395,34,0.5
2369,2398,30,0.59
2393,2434,42,0.59
2397,2428,32,0
2399,2430,32,0.59
2406,2435,30,0.59
2414,2455,42,0.5
2416,2457,42,0.59
2422,2479,58,0.59
2424,2481,58,0.59
2426,2477,52,0.59
2428,2479,52,0.59
2428,2477,50,0.59
2430,2479,50,0.59
2440,2481,42,0.59
2445,2476,32,0.5
2450,2479,30,0
2492,2555,64,0.59
2498,2555,58,0.59
2507,2538,32,0.59
2508,2549,42,0.59
2511,2542,32,0.5
2513,2544,32,0.59
2511,2542,32,0.59
2513,2544,32,0.59
2596,2629,34,0.5
2599,2710,112,0.59
2609,2720,112,0.59
2610,2651,42,0.5
2623,2652,30,0.5
2625,2654,30,0.5
2668,2731,64,0.5
2674,2731,58,0.59
2681,2712,32,0.59
2683,2714,32,0
2688,2719,32,0.59
2690,2721,32,0
2727,2838,112,0.59
2740,2851,112,0.59
2768,2799,32,0.59
2770,2801,32,0.59
2772,2803,32,0.59
2774,2805,32,0.59
2771,2820,50,0.59
2776,2807,32,0.59
2779,2810,32,0.59
2781,2822,42,0.59
2781,2812,32,0.59
2783,2814,32,0
2785,2816,32,0.59
2787,2818,32,0.59
2783,2814,32,0.59
2785,2816,32,0.59
2787,2818,32,0.59
2795,2852,58,0.59
2799,2850,52,0.59
2812,2843,32,0.59
2814,2845,32,0
2816,2847,32,0
2864,2927,64,0.5
2866,2929,64,0.5
2870,2927,58,0.59
2872,2923,52,0.59
2873,2922,50,0.59
2874,2925,52,0.59
2882,2923,42,0.59
2885,2916,32,0.59
2887,2918,32,0
2887,2918,32,0.59
2888,2919,32,0.59
2923,2974,52,0.59
2926,2975,50,0.59
2939,2970,32,0
2946,2975,30,0.59
2960,2989,30,0.59
2969,3010,42,0.5
3013,3044,32,0.5
3015,3046,32,0.5
3016,3079,64,0.5
3017,3128,112,0.5
3018,3139,122,0.59
3020,3141,122,0
3022,3143,122,0.59
3019,3130,112,0.5
3024,3135,112,0.59
3034,3075,42,0.59
3035,3066,32,0.5
3037,3068,32,0
3039,3070,32,0.5
3035,3066,32,0.59
3037,3068,32,0
3039,3070,32,0.5
3038,3069,32,0.59
3040,3071,32,0.5
3038,3155,118,0.59
3040,3157,118,0.59
3045,3074,30,0.5
3082,3113,32,0.59
3084,3115,32,0
3087,3144,58,0.59
3089,3146,58,0.59
3091,3142,52,0.59
3093,3142,50,0.59
3093,3144,52,0.59
3095,3144,50,0.59
3107,3138,32,0.59
3109,3140,32,0.5
3114,3143,30,0.59
3116,3145,30,0.59
3142,3199,58,0
3141,3204,64,0.59
3146,3197,52,0
3148,3197,50,0
3159,3200,42,0.59
3161,3192,32,0
3163,3194,32,0
3167,3196,30,0.59
3169,3198,30,0
3171,3292,122,0.5
3177,3218,42,0
3179,3220,42,0.59
3187,3282,96,0.59
3189,3306,118,0.59
3191,3308,118,0.59
3212,3269,58,0.59
3214,3271,58,0
3215,3266,52,0.59
3217,3266,50,0.5
3219,3268,50,0.5
3217,3268,52,0.5
3224,3255,32,0.59
3226,3257,32,0
3228,3259,32,0.59
3230,3261,32,0
3232,3263,32,0.59
3234,3265,32,0
3230,3261,32,0.59
3232,3263,32,0.59
3234,3265,32,0
3237,3294,58,0.59
3239,3296,58,0.59
3240,3269,30,0.59
3241,3292,52,0.59
3243,3294,52,0.59
3242,3271,30,0.59
3243,3292,50,0.59
3245,3294,50,0.59
3257,3288,32,0.59
3259,3290,32,0.5
3265,3294,30,0
3267,3296,30,0.59
3286,3381,96,0.59
3288,3383,96,0.59
3319,3350,32,0.59
3319,3376,58,0.59
3321,3378,58,0
3321,3352,32,0.5
3323,3374,52,0.59
3325,3376,52,0
3325,3374,50,0
3327,3376,50,0
3327,3358,32,0.59
3331,3362,32,0.59
3333,3364,32,0.59
3335,3366,32,0.59
3338,3369,32,0.59
3340,3371,32,0
3338,3395,58,0
3340,3397,58,0.59
3342,3393,52,0
3344,3395,52,0.59
3344,3393,50,0
3346,3395,50,0.59
3347,3376,30,0.59
3349,3378,30,0.59
3358,3389,32,0
3360,3391,32,0
3362,3393,32,0.5
3365,3394,30,0.59
3367,3396,30,0.59
3374,3415,42,0
3376,3417,42,0.59
3388,3417,30,0.59
3392,3481,90,0
3391,3508,118,0.59
3393,3510,118,0.59
3409,3472,64,0.59
3411,3474,64,0.59
3414,3471,58,0.59
3416,3473,58,0
3427,3468,42,0.59
3428,3459,32,0.59
3430,3461,32,0
3429,3460,32,0.59
3431,3462,32,0
3431,3462,32,0.59
3434,3465,32,0.5
3436,3467,32,0.5
3440,3497,58,0.59
3442,3499,58,0.59
3444,3495,52,0.59
3446,3497,52,0.59
3446,3495,50,0.59
3448,3497,50,0.59
3460,3491,32,0.59
3462,3493,32,0.5
3468,3497,30,0
3470,3499,30,0.59
3510,3567,58,0.59
3512,3569,58,0
3514,3565,52,0.59
3516,3567,52,0
3518,3547,30,0.59
3517,3566,50,0.5
3519,3568,50,0.59
3527,3568,42,0.59
3530,3561,32,0
3532,3563,32,0
3534,3565,32,0
3538,3567,30,0
3540,3569,30,0
3546,3587,42,0.59
3548,3589,42,0
3550,3591,42,0.59
3556,3677,122,0.59
3558,3679,122,0.59
3562,3591,30,0.59
3571,3612,42,0.5
3594,3657,64,0.5
3598,3655,58,0.59
3600,3657,58,0
3604,3655,52,0.5
3605,3654,50,0.5
3613,3644,32,0.5
3615,3646,32,0.59
3617,3648,32,0.59
3619,3650,32,0
3624,3681,58,0.59
3626,3683,58,0.59
3625,3654,30,0.59
3627,3656,30,0.59
3628,3679,52,0.59
3630,3681,52,0.59
3630,3679,50,0.59
3632,3681,50,0.59
3651,3680,30,0.59
3653,3682,30,0
3678,3789,112,0.59
3680,3791,112,0.59
3741,3770,30,0.59
3741,3804,64,0.5
3742,3799,58,0.59
3745,3802,58,0.59
3746,3797,52,0.59
3748,3797,50,0.59
3750,3799,50,0.59
3749,3800,52,0.59
3758,3799,42,0.59
3762,3793,32,0
3764,3795,32,0
3769,3798,30,0.59
3771,3800,30,0.59
3778,3819,42,0.5
3780,3821,42,0.59
3788,3909,122,0.5
3790,3911,122,0
3790,3819,30,0.59
3826,3889,64,0.5
3828,3885,58,0.59
3830,3887,58,0
3832,3889,58,0.59
3832,3883,52,0.59
3834,3885,52,0
3836,3887,52,0.59
3833,3882,50,0.59
3835,3884,50,0
3837,3886,50,0
3847,3878,32,0.59
3849,3880,32,0
3851,3882,32,0
3856,3885,30,0
3858,3887,30,0.59
3856,3913,58,0.5
3858,3915,58,0.5
3860,3909,50,0.59
3862,3911,50,0
3864,3913,50,0.5
3860,3911,52,0
3862,3913,52,0
3876,3907,32,0.59
3878,3909,32,0.5
3884,3913,30,0
3892,3933,42,0.5
3894,3935,42,0.5
3920,3977,58,0.59
3922,3979,58,0
3924,3981,58,0.59
3924,3975,52,0.59
3926,3977,52,0
3928,3979,52,0.59
3926,3975,50,0.5
3928,3977,50,0.5
3940,3971,32,0.59
3942,3973,32,0
3948,3977,30,0.59
3950,3979,30,0.59
3958,3999,42,0.5
3976,4005,30,0.59
4029,4092,64,0.5
4031,4094,64,0.5
4032,4089,58,0.59
4034,4091,58,0
4036,4093,58,0.59
4035,4066,32,0
4037,4068,32,0.59
4036,4087,52,0.59
4038,4089,52,0
4040,4091,52,0.59
4038,4087,50,0
4040,4089,50,0
4040,4071,32,0
4052,4083,32,0.59
4054,4085,32,0
4056,4087,32,0.5
4053,4084,32,0.59
4055,4086,32,0
4060,4089,30,0.59
4062,4091,30,0
4070,4111,42,0.5
4072,4113,42,0.5
4082,4139,58,0
4084,4141,58,0
4084,4135,52,0.59
4086,4137,52,0
4088,4139,52,0
4086,4135,50,0
4088,4137,50,0
4094,4135,42,0.59
4097,4128,32,0.59
4099,4130,32,0.59
4101,4132,32,0.59
4110,4139,30,0.59
4112,4141,30,0.59
4119,4160,42,0.5
4169,4200,32,0
4171,4202,32,0
4169,4200,32,0.59
4171,4202,32,0
4175,4206,32,0.5
4194,4227,34,0
4197,4226,30,0
4199,4228,30,0.59
4219,4250,32,0.59
4221,4252,32,0.59
4225,4254,30,0.5
4246,4297,52,0.59
4248,4297,50,0.5
4248,4299,52,0.59
4252,4283,32,0.5
4254,4285,32,0.59
4261,4292,32,0.59
4263,4294,32,0
4265,4296,32,0.5
4262,4315,54,0.5
4282,4311,30,0.5
4284,4313,30,0
4292,4333,42,0.5
4310,4341,32,0.5
4316,4347,32,0.5
4316,4347,32,0.5
4370,4401,32,0.5
4372,4403,32,0.59
4370,4411,42,0.59
4371,4402,32,0.5
4373,4404,32,0
4373,4404,32,0.59
4375,4406,32,0.5
4465,4586,122,0.59
4467,4588,122,0.59
4469,4590,122,0.59
4469,4580,112,0.59
4471,4582,112,0.59
4483,4572,90,0.5
4519,4568,50,0.59
4527,4568,42,0.59
4529,4570,42,0.59
4531,4562,32,0.5
4533,4564,32,0
4535,4566,32,0
4531,4562,32,0.59
4533,4564,32,0
4535,4566,32,0
4533,4564,32,0.59
4535,4566,32,0
4533,4590,58,0.59
4534,4565,32,0.59
4535,4566,32,0.59
4536,4593,58,0.59
4537,4568,32,0.5
4538,4589,52,0
4539,4588,50,0.59
4541,4590,50,0.59
4540,4591,52,0.59
4549,4590,42,0.59
4553,4584,32,0
4555,4586,32,0
4560,4589,30,0.5
4587,4616,30,0.59
4589,4638,50,0.5
4589,4640,52,0.5
4591,4640,50,0.5
4602,4633,32,0.59
4604,4635,32,0.59
4611,4640,30,0.59
4639,4668,30,0.59
4647,4688,42,0.5
4649,4690,42,0.59
4661,4690,30,0.59
4680,4709,30,0.59
4689,4730,42,0.5
4715,4744,30,0.5
4736,4765,30,0
4738,4767,30,0.59
4759,4790,32,0.59
4761,4792,32,0
4763,4794,32,0
4768,4797,30,0.5
4773,4824,52,0.5
4787,4818,32,0.59
4789,4820,32,0.5
4791,4824,34,0.59
4795,4824,30,0.59
4797,4826,30,0
4805,4846,42,0
4833,4862,30,0.5
4868,4899,32,0.5
4874,4903,30,0
4884,4925,42,0.5
4899,4956,58,0.59
4901,4958,58,0.5
4904,4955,52,0.5
4907,4956,50,0.5
4907,4960,54,0.5
4910,4941,32,0.59
4913,4944,32,0.5
4919,4950,32,0.59
4922,4953,32,0.5
4927,4956,30,0
4929,4958,30,0.59
4936,4977,42,0.5
4954,4985,32,0.59
4956,4987,32,0
4958,4989,32,0.5
4963,4992,30,0
4965,4994,30,0.59
4971,5012,42,0.59
4973,5014,42,0
4985,5014,30,0.5
5008,5039,32,0
5010,5041,32,0.5
5014,5043,30,0.59
5016,5045,30,0
5037,5068,32,0
5039,5070,32,0.59
5037,5068,32,0.59
5039,5070,32,0.59
5067,5116,50,0.5
5080,5111,32,0.59
5082,5113,32,0
5088,5117,30,0.59
5090,5119,30,0.59
5109,5138,30,0.59
5111,5140,30,0.59
5154,5185,32,0
5156,5187,32,0
5163,5192,30,0.59
5176,5209,34,0
5181,5210,30,0
5183,5212,30,0
5190,5231,42,0.5
5202,5265,64,0.5
5204,5261,58,0.59
5206,5263,58,0
5208,5265,58,0
5208,5259,52,0.59
5210,5261,52,0
5212,5263,52,0
5210,5259,50,0
5212,5261,50,0
5214,5263,50,0.5
5224,5255,32,0.59
5226,5257,32,0
5228,5259,32,0.5
5233,5262,30,0.59
5235,5264,30,0.5
5242,5283,42,0.5
5244,5285,42,0
5258,5287,30,0.5
5274,5305,32,0.5
5279,5308,30,0.59
5281,5310,30,0.59
5294,5343,50,0.5
5307,5338,32,0.59
5309,5340,32,0.5
5310,5343,34,0.59
5315,5344,30,0
5317,5346,30,0.59
5324,5365,42,0.5
5326,5367,42,0.5
5363,5394,32,0.5
5365,5396,32,0.59
5367,5398,32,0.59
5363,5394,32,0.59
5365,5396,32,0.59
5367,5398,32,0.59
5392,5445,54,0.5
5393,5424,32,0
5395,5426,32,0
5395,5428,34,0.59
5399,5428,30,0.59
5422,5463,42,0.5
5444,5473,30,0.5
5478,5511,34,0.5
5482,5511,30,0.5
5484,5513,30,0.59
5503,5560,58,0.5
5505,5536,32,0.59
5508,5559,52,0.59
5509,5558,50,0.5
5523,5554,32,0.5
5525,5558,34,0.59
5529,5558,30,0
5531,5560,30,0
5539,5580,42,0.5
5553,5594,42,0
5556,5587,32,0.59
5558,5589,32,0.5
5600,5631,32,0.59
5602,5633,32,0.5
5603,5636,34,0.59
5608,5637,30,0
5617,5658,42,0.5
5628,5657,30,0.59
5636,5667,32,0.59
5638,5669,32,0
5640,5671,32,0.59
5645,5674,30,0.59
5657,5690,34,0.59
5661,5690,30,0
5663,5692,30,0
5669,5710,42,0.59
5671,5712,42,0
5681,5710,30,0.59
5683,5712,30,0.59
5691,5732,42,0.5
5707,5738,32,0.59
5709,5740,32,0
5711,5742,32,0
5717,5746,30,0
5754,5785,32,0.5
5756,5787,32,0.59
5760,5791,32,0
5762,5793,32,0
5760,5791,32,0.59
5762,5793,32,0
5761,5792,32,0.59
5766,5797,32,0.5
5769,5810,42,0
5771,5812,42,0.59
5771,5802,32,0.59
5773,5804,32,0
5775,5806,32,0
5773,5804,32,0.59
5775,5806,32,0
5780,5829,50,0.5
5793,5824,32,0
5795,5826,32,0.59
5802,5831,30,0.59
5820,5849,30,0.59
5822,5851,30,0
5843,5874,32,0.59
5845,5876,32,0
5869,5898,30,0.59
5876,5917,42,0.5
5893,5924,32,0
5895,5926,32,0.59
5893,5924,32,0.5
5895,5926,32,0.59
5929,5970,42,0.59
5931,5962,32,0.59
5933,5964,32,0
5935,5966,32,0.59
5939,5968,30,0.59
5941,5970,30,0.59
5941,5998,58,0.5
5943,6000,58,0.59
5944,5995,52,0.59
5946,5997,52,0
5945,5994,50,0.59
5947,5996,50,0
5961,5992,32,0
5963,5994,32,0.59
5967,5996,30,0.59
5969,5998,30,0.59
5977,6018,42,0.5
5993,6024,32,0.5
5996,6029,34,0.5
6001,6030,30,0.5
6026,6057,32,0
6025,6076,52,0.5
6028,6059,32,0.59
6028,6077,50,0.59
6033,6062,30,0.59
6040,6071,32,0.59
6042,6073,32,0
6047,6076,30,0
6049,6078,30,0.59
6057,6098,42,0.5
6092,6155,64,0.59
6096,6153,58,0.59
6098,6155,58,0
6100,6151,52,0.59
6102,6153,52,0
6104,6155,52,0.59
6102,6151,50,0
6104,6153,50,0
6116,6147,32,0.59
6118,6149,32,0
6120,6151,32,0.59
6118,6149,32,0.59
6120,6151,32,0.59
6126,6155,30,0.59
6134,6175,42,0.5
6162,6193,32,0.5
6233,6264,32,0.59
6235,6266,32,0
6237,6268,32,0.5
6241,6270,30,0.59
6243,6272,30,0
6243,6306,64,0.5
6245,6308,64,0.5
6250,6301,52,0.59
6251,6300,50,0.59
6253,6302,50,0.59
6252,6303,52,0.59
6264,6295,32,0
6266,6297,32,0
6268,6299,32,0.59
6266,6297,32,0.59
6268,6299,32,0.59
6294,6351,58,0.59
6296,6353,58,0.59
6298,6349,52,0.59
6300,6349,50,0.59
6300,6351,52,0.59
6302,6351,50,0.59
6306,6337,32,0.59
6310,6341,32,0.59
6312,6353,42,0.59
6314,6345,32,0.59
6316,6347,32,0
6320,6349,30,0.59
6322,6351,30,0
6330,6371,42,0.59
6332,6373,42,0.59
6340,6461,122,0.59
6343,6464,122,0.59
6350,6379,30,0
6357,6398,42,0.5
6359,6400,42,0.5
6381,6410,30,0.59
6389,6430,42,0.5
6391,6432,42,0.59
6404,6467,64,0.5
6408,6465,58,0.59
6410,6467,58,0.59
6412,6443,32,0.59
6412,6461,50,0.59
6414,6463,50,0.5
6412,6463,52,0.59
6424,6455,32,0.5
6424,6455,32,0.59
6427,6458,32,0
6429,6460,32,0.59
6427,6458,32,0.59
6429,6460,32,0.59
6465,6494,30,0.59
6499,6548,50,0.5
6499,6550,52,0.59
6503,6534,32,0.5
6503,6534,32,0.59
6507,6538,32,0.5
6509,6540,32,0.59
6513,6544,32,0
6515,6546,32,0
6587,6638,52,0.5
6589,6638,50,0.5
6600,6631,32,0.5
6601,6642,42,0
6603,6634,32,0.5
6656,6687,32,0.59
6658,6689,32,0
6660,6691,32,0.59
6660,6693,34,0.59
6664,6693,30,0.59
6666,6695,30,0.59
6688,6719,32,0.5
6694,6723,30,0.59
6696,6725,30,0.59
6704,6745,42,0.5
6748,6779,32,0
6750,6781,32,0.5
6750,6783,34,0.59
6754,6783,30,0
6756,6785,30,0
6765,6806,42,0.59
6797,6828,32,0.59
6799,6830,32,0
6801,6832,32,0.5
6801,6834,34,0.59
6805,6834,30,0.59
6807,6836,30,0
6827,6858,32,0.59
6832,6863,32,0.5
6963,7014,52,0.59
6977,7008,32,0
6979,7010,32,0
6986,7043,58,0.59
6988,7045,58,0.59
6990,7041,52,0.59
6991,7040,50,0.59
6993,7042,50,0
6995,7044,50,0.59
6993,7044,52,0.59
7006,7037,32,0
7008,7039,32,0.59
7014,7043,30,0.59
7064,7095,32,0.5
7088,7117,30,0.59
7150,7261,112,0.59
7152,7263,112,0.59
7155,7276,122,0.5
7190,7221,32,0.5
7190,7241,52,0.5
7192,7241,50,0.5
7194,7243,50,0.59
7194,7245,52,0.59
7196,7225,30,0.59
7206,7237,32,0.5
7214,7243,30,0.59
7214,7277,64,0.5
7216,7273,58,0.59
7218,7275,58,0.59
7219,7270,52,0.59
7221,7272,52,0.59
7221,7270,50,0.5
7223,7272,50,0.59
7232,7273,42,0.59
7235,7266,32,0
7237,7268,32,0.59
7236,7267,32,0.59
7238,7269,32,0.59
7260,7291,32,0
7294,7323,30,0
7296,7325,30,0.59
7303,7344,42,0.5
7401,7432,32,0.5
7407,7438,32,0.5
7411,7442,32,0
7413,7444,32,0.59
7412,7523,112,0.59
7414,7525,112,0.59
7416,7527,112,0.59
7423,7452,30,0.5
7425,7536,112,0.59
7427,7538,112,0.59
7462,7493,32,0
7462,7493,32,0.59
7464,7495,32,0.59
7470,7501,32,0.5
7479,7536,58,0.59
7482,7533,52,0.59
7483,7512,30,0.5
7496,7527,32,0.59
7498,7529,32,0
7500,7531,32,0.59
7498,7529,32,0.5
7500,7531,32,0.59
7518,7547,30,0.5
7527,7568,42,0.59
7588,7621,34,0.5
7593,7622,30,0.59
7595,7624,30,0.59
7607,7638,32,0.59
7610,7641,32,0
7634,7663,30,0.59
7647,7680,34,0.59
7652,7681,30,0
7654,7683,30,0.59
7657,7746,90,0.59
7661,7702,42,0.5
7663,7704,42,0.5
7676,7739,64,0.5
7678,7735,58,0.59
7678,7741,64,0.59
7680,7737,58,0
7682,7739,58,0.59
7682,7733,52,0.59
7684,7735,52,0
7686,7737,52,0.59
7684,7733,50,0
7686,7735,50,0
7698,7729,32,0
7700,7731,32,0
7706,7735,30,0.59
7708,7737,30,0
7715,7836,122,0
7717,7838,122,0.59
7719,7830,112,0
7727,7768,42,0.59
7728,7759,32,0.59
7730,7761,32,0.59
7732,7763,32,0
7733,7850,118,0.59
7735,7852,118,0.59
7764,7795,32,0
7772,7823,52,0.59
7784,7841,58,0.59
7786,7843,58,0.59
7788,7819,32,0.59
7788,7839,52,0.59
7789,7838,50,0.59
7790,7821,32,0.5
7790,7841,52,0.59
7795,7824,30,0.59
7803,7834,32,0.59
7805,7836,32,0.5
7811,7840,30,0
7837,7900,64,0.5
7839,7902,64,0.5
7838,7895,58,0
7840,7897,58,0.59
7841,7892,52,0.59
7843,7894,52,0.59
7844,7893,50,0.5
7846,7895,50,0.59
7854,7895,42,0.59
7857,7888,32,0.59
7859,7890,32,0
7861,7892,32,0.59
7859,7890,32,0.59
7861,7892,32,0.59
7897,7928,32,0.5
7898,7929,32,0.59
7900,7931,32,0
7900,7931,32,0.59
7922,7951,30,0.5
7932,7973,42,0.5
7950,8007,58,0.59
7953,8010,58,0.59
7954,8005,52,0.59
7961,7992,32,0.59
7968,8009,42,0.59
7977,8006,30,0.59
7979,8008,30,0
8174,8205,32,0.59
8176,8207,32,0.5
8228,8349,122,0.59
8232,8343,112,0.59
8234,8345,112,0.59
8236,8347,112,0.59
8245,8356,112,0.59
8297,8354,58,0
8301,8352,52,0
8303,8352,50,0.5
8316,8347,32,0.59
8318,8349,32,0
8320,8351,32,0.59
8324,8353,30,0
8352,8381,30,0.59
8354,8383,30,0.59
8372,8401,30,0.59
8374,8403,30,0.59
8388,8421,34,0.5
8393,8422,30,0
8395,8424,30,0.5
8401,8442,42,0
8403,8444,42,0
8414,8463,50,0.5
8427,8458,32,0.59
8429,8460,32,0
8430,8463,34,0.5
8435,8464,30,0.59
8437,8466,30,0.59
8444,8485,42,0.5
8479,8568,90,0.5
8481,8570,90,0.59
8484,8515,32,0.5
8490,8519,30,0
8492,8521,30,0.59
8498,8539,42,0.59
8500,8541,42,0.5
8511,8540,30,0.5
8511,8568,58,0.59
8513,8570,58,0.59
8515,8566,52,0.59
8517,8568,52,0.59
8517,8566,50,0
8519,8568,50,0.59
8526,8557,32,0.59
8531,8562,32,0
8533,8564,32,0
8538,8567,30,0.5
8540,8569,30,0
8549,8590,42,0.5
8561,8682,122,0.59
8563,8684,122,0
8565,8686,122,0.59
8565,8676,112,0.59
8567,8678,112,0.59
8580,8697,118,0.59
8582,8699,118,0
8584,8701,118,0.59
8600,8657,58,0.59
8602,8659,58,0
8604,8661,58,0.59
8604,8655,52,0.59
8606,8657,52,0
8605,8654,50,0.59
8607,8656,50,0
8614,8645,32,0.5
8617,8648,32,0.59
8619,8650,32,0
8621,8652,32,0
8623,8654,32,0.59
8628,8657,30,0.59
8631,8688,58,0
8633,8690,58,0.59
8635,8686,52,0.59
8637,8688,52,0.59
8636,8685,50,0.59
8638,8687,50,0.5
8650,8681,32,0.59
8652,8683,32,0.5
8658,8687,30,0.59
8660,8689,30,0
8668,8709,42,0.5
8673,8768,96,0.59
8675,8770,96,0
8677,8772,96,0.59
8724,8781,58,0.59
8726,8783,58,0
8728,8779,52,0.59
8730,8781,52,0
8730,8779,50,0
8732,8781,50,0
8744,8775,32,0.59
8746,8777,32,0
8748,8779,32,0.59
8751,8780,30,0.59
8753,8782,30,0.59
8762,8803,42,0
8773,8802,30,0.59
8775,8804,30,0.59
8779,8900,122,0.59
8781,8902,122,0.59
8798,8915,118,0.59
8800,8917,118,0.59
8816,8873,58,0.59
8818,8875,58,0.59
8820,8871,52,0.59
8822,8873,52,0.59
8821,8870,50,0.59
8823,8872,50,0
8832,8863,32,0.59
8835,8866,32,0.59
8837,8868,32,0
8847,8904,58,0.59
8849,8906,58,0.59
8851,8902,52,0.59
8853,8904,52,0.59
8853,8902,50,0.59
8855,8904,50,0.59
8863,8894,32,0.59
8867,8898,32,0.59
8869,8900,32,0.5
8875,8904,30,0
8877,8906,30,0.59
8903,8934,32,0
8905,8936,32,0.59
8909,8938,30,0.59
8911,8940,30,0.59
8920,8961,42,0
8929,9050,122,0.59
8931,9052,122,0
8933,9054,122,0.59
8931,9042,112,0.59
8934,9045,112,0.59
8939,8980,42,0.5
8948,9065,118,0.59
8950,9067,118,0.59
8970,9033,64,0.5
8972,9029,58,0.59
8974,9031,58,0
8976,9033,58,0.59
8976,9027,52,0.59
8978,9029,52,0
8980,9031,52,0.59
8978,9027,50,0
8980,9029,50,0
8991,9022,32,0.59
8993,9024,32,0
8995,9026,32,0
8997,9054,58,0.59
8999,9056,58,0.59
9001,9030,30,0
9001,9052,52,0.59
9003,9054,52,0.59
9003,9052,50,0.59
9017,9048,32,0.59
9019,9050,32,0.5
9024,9053,30,0.59
9026,9055,30,0
9050,9081,32,0.59
9052,9083,32,0
9057,9086,30,0.59
9059,9088,30,0.59
9066,9107,42,0.59
9068,9109,42,0.59
9081,9110,30,0.59
9083,9112,30,0.59
9085,9174,90,0.5
9087,9176,90,0.59
9091,9132,42,0.5
9109,9166,58,0.59
9111,9168,58,0
9113,9164,52,0.59
9115,9166,52,0
9114,9163,50,0.59
9116,9165,50,0
9127,9158,32,0.59
9129,9160,32,0
9131,9162,32,0
9132,9195,64,0.5
9136,9165,30,0.59
9138,9167,30,0.59
9136,9193,58,0.59
9138,9195,58,0
9140,9197,58,0.59
9140,9191,52,0.59
9142,9193,52,0
9144,9195,52,0.59
9142,9191,50,0
9144,9193,50,0.5
9155,9186,32,0.59
9157,9188,32,0
9159,9190,32,0.5
9165,9194,30,0.59
9167,9196,30,0
9175,9216,42,0.5
9190,9253,64,0.59
9191,9248,58,0.59
9193,9250,58,0
9192,9255,64,0.59
9195,9246,52,0.59
9197,9248,52,0
9196,9245,50,0.59
9198,9247,50,0
9200,9249,50,0.59
9210,9241,32,0.59
9212,9243,32,0
9214,9245,32,0
9218,9247,30,0.59
9220,9249,30,0
9229,9270,42,0.5
9249,9278,30,0.59
9254,9375,122,0.59
9256,9377,122,0
9258,9379,122,0.59
9257,9298,42,0.5
9259,9370,112,0.59
9273,9390,118,0.59
9275,9392,118,0.59
9293,9350,58,0.59
9297,9346,50,0.59
9299,9348,50,0.5
9297,9348,52,0
9305,9336,32,0.59
9309,9340,32,0.59
9311,9342,32,0.59
9313,9344,32,0
9320,9349,30,0.59
9322,9351,30,0.59
9322,9379,58,0.59
9324,9381,58,0.59
9326,9377,52,0.59
9328,9379,52,0.59
9328,9377,50,0.59
9342,9373,32,0.59
9344,9375,32,0.5
9349,9378,30,0.59
9351,9380,30,0
9386,9443,58,0.59
9388,9445,58,0.59
9390,9441,52,0.59
9392,9443,52,0.59
9391,9440,50,0.59
9393,9442,50,0
9395,9444,50,0.59
9406,9437,32,0
9408,9439,32,0
9413,9442,30,0.59
9415,9444,30,0.59
9423,9464,42,0.5
9447,9478,32,0.5
9452,9481,30,0.59
9454,9483,30,0
9454,9575,122,0.59
9456,9577,122,0.59
9458,9543,86,0.59
9462,9503,42,0.5
9464,9505,42,0.5
9486,9549,64,0
9489,9546,58,0.59
9491,9548,58,0.59
9493,9544,52,0.59
9495,9546,52,0.59
9494,9543,50,0.59
9496,9545,50,0
9508,9539,32,0.59
9510,9541,32,0
9516,9545,30,0.5
9518,9547,30,0
9522,9579,58,0.59
9524,9581,58,0.59
9526,9577,52,0.59
9528,9577,50,0.59
9528,9579,52,0.59
9530,9579,50,0.59
9538,9569,32,0.59
9540,9581,42,0.59
9542,9573,32,0.59
9544,9575,32,0
9548,9577,30,0.59
9550,9579,30,0
9558,9599,42,0.59
9560,9601,42,0.59
9599,9662,64,0.5
9603,9660,58,0.59
9605,9662,58,0
9607,9656,50,0.59
9607,9658,52,0.59
9609,9660,52,0
9610,9659,50,0
9612,9661,50,0
9612,9663,52,0.59
9618,9649,32,0.59
9620,9651,32,0.59
9622,9653,32,0.59
9624,9655,32,0
9631,9660,30,0.59
9633,9662,30,0
9640,9681,42,0.5
9642,9683,42,0.5
9698,9809,112,0.59
9700,9811,112,0.59
9718,9749,32,0.5
9763,9826,64,0.5
9764,9821,58,0.59
9766,9823,58,0.59
9765,9828,64,0.5
9768,9819,52,0.59
9770,9821,52,0
9770,9819,50,0.5
9772,9821,50,0
9782,9823,42,0.59
9784,9815,32,0
9786,9817,32,0
9792,9821,30,0.59
9800,9841,42,0.59
9802,9843,42,0
9825,9856,32,0
9827,9858,32,0
9857,9890,34,0.5
9861,9890,30,0.5
9892,9923,32,0
9894,9925,32,0.59
9921,9970,50,0.59
9921,9972,52,0
9923,9972,50,0.5
9935,9966,32,0.59
9937,9968,32,0.5
9943,9972,30,0.59
9945,9974,30,0
9953,9994,42,0.5
9976,10007,32,0.5
9978,10011,34,0.59
9982,10011,30,0
9984,10013,30,0.59
9990,10047,58,0.5
9991,10032,42,0.59
9994,10045,52,0.5
9997,10046,50,0.5
10010,10041,32,0
10012,10043,32,0.5
10016,10045,30,0.59
10018,10047,30,0
10038,10067,30,0
10040,10069,30,0.59
10048,10089,42,0.5
10070,10101,32,0.59
10072,10103,32,0.5
10077,10106,30,0.59
10079,10108,30,0
10087,10128,42,0.5
10101,10130,30,0.59
10103,10132,30,0.59
10115,10148,34,0.59
10118,10175,58,0.5
10119,10148,30,0.59
10121,10150,30,0.59
10122,10173,52,0.5
10123,10172,50,0.5
10125,10174,50,0.5
10137,10168,32,0.59
10139,10170,32,0
10144,10173,30,0.5
10146,10175,30,0.59
10159,10192,34,0.59
10165,10194,30,0
10173,10214,42,0.5
10191,10222,32,0.5
10196,10225,30,0.59
10198,10227,30,0.59
10212,10275,64,0.5
10214,10277,64,0
10219,10250,32,0.59
10221,10252,32,0.59
10221,10270,50,0.59
10223,10272,50,0.59
10224,10255,32,0.5
10227,10258,32,0.59
10230,10271,42,0.59
10234,10265,32,0.59
10236,10267,32,0.59
10264,10295,32,0
10266,10297,32,0.5
10270,10299,30,0.59
10272,10301,30,0
10280,10321,42,0.5
10309,10366,58,0.59
10311,10368,58,0.59
10313,10364,52,0.59
10315,10366,52,0.59
10315,10364,50,0.59
10317,10366,50,0.59
10329,10360,32,0.59
10331,10362,32,0.5
10332,10365,34,0.59
10336,10365,30,0.59
10338,10367,30,0.59
10345,10386,42,0.59
10359,10390,32,0.5
10398,10461,64,0.5
10401,10432,32,0.59
10414,10455,42,0
10417,10448,32,0.59
10419,10450,32,0
10459,10500,42,0.59
10463,10494,32,0.5
10463,10494,32,0.59
10465,10496,32,0
10467,10524,58,0.5
10471,10522,52,0
10473,10522,50,0.5
10489,10522,34,0
10489,10520,32,0.5
10493,10522,30,0.59
10495,10524,30,0
10503,10544,42,0.5
10505,10546,42,0.59
10506,10563,58,0
10510,10559,50,0.59
10510,10561,52,0
10513,10562,50,0
10516,10547,32,0.5
10525,10556,32,0.59
10527,10558,32,0.5
10532,10561,30,0.59
10534,10563,30,0.59
10541,10582,42,0.59
10543,10584,42,0
10582,10645,64,0.59
10583,10640,58,0.5
10585,10642,58,0
10586,10637,52,0.59
10588,10639,52,0
10590,10641,52,0
10588,10637,50,0.59
10590,10639,50,0
10592,10641,50,0
10602,10633,32,0.59
10604,10635,32,0
10606,10637,32,0
10610,10639,30,0.59
10612,10641,30,0
10618,10659,42,0.59
10620,10661,42,0.5
10622,10663,42,0.59
10654,10705,52,0
10656,10707,52,0.59
10656,10705,50,0
10658,10707,50,0.59
10666,10707,42,0.59
10670,10701,32,0
10677,10706,30,0
10718,10749,32,0.59
10720,10751,32,0.5
10727,10756,30,0.5
10760,10817,58,0.59
10769,10810,42,0.59
10770,10801,32,0.59
10774,10805,32,0.5
10776,10817,42,0.5
10787,10816,30,0.5
10815,10878,64,0.59
10817,10874,58,0.59
10819,10876,58,0.59
10820,10871,52,0.59
10822,10873,52,0
10822,10871,50,0
10824,10873,50,0
10836,10867,32,0
10838,10869,32,0.5
10844,10873,30,0.59
10846,10875,30,0
10854,10895,42,0.5
10867,10898,32,0.59
10869,10900,32,0.59
10871,10902,32,0.59
10873,10904,32,0.59
10870,10901,32,0.59
10872,10903,32,0.59
10876,10907,32,0
10878,10909,32,0
10882,10911,30,0.59
10884,10913,30,0
10893,10934,42,0.5
10906,10937,32,0.59
10941,10998,58,0.5
10943,10994,52,0.59
10946,10995,50,0.5
10956,10987,32,0.59
10958,10999,42,0.59
10960,10991,32,0.5
10966,10995,30,0.59
10968,10997,30,0
11034,11075,42,0.59
11043,11096,54,0
11073,11114,42,0
11114,11145,32,0.5
11117,11158,42,0
11118,11149,32,0.59
11120,11151,32,0.5
11121,11178,58,0.59
11123,11154,32,0.5
11125,11176,52,0.5
11126,11175,50,0.5
11140,11171,32,0
11142,11173,32,0.5
11148,11177,30,0
11203,11314,112,0.59
11204,11325,122,0.59
11205,11316,112,0.59
11207,11318,112,0.59
11209,11320,112,0.59
11234,11263,30,0.59
11235,11346,112,0.59
11246,11357,112,0.59
11251,11282,32,0.59
11256,11307,52,0.59
11271,11328,58,0
11273,11330,58,0.59
11272,11303,32,0.59
11274,11305,32,0.59
11276,11307,32,0
11278,11309,32,0.5
11274,11325,52,0.59
11276,11327,52,0
11276,11307,32,0.59
11278,11309,32,0.5
11276,11325,50,0
11278,11327,50,0
11283,11314,32,0.5
11285,11316,32,0.59
11287,11328,42,0.59
11289,11320,32,0.59
11291,11322,32,0
11293,11324,32,0
11297,11326,30,0.59
11299,11328,30,0
11317,11348,32,0.59
11319,11350,32,0.5
11377,11406,30,0.5
11379,11408,30,0
11387,11428,42,0
11406,11437,32,0.59
11408,11439,32,0
11410,11441,32,0.5
11420,11461,42,0.59
11426,11457,32,0.5
11456,11485,30,0
11458,11487,30,0
11463,11504,42,0.59
11512,11553,42,0.59
11526,11555,30,0.5
11546,11575,30,0.5
11561,11682,122,0.59
11563,11684,122,0
11565,11686,122,0.59
11564,11675,112,0.59
11566,11677,112,0.59
11571,11602,32,0
11570,11681,112,0.59
11579,11696,118,0.59
11581,11698,118,0
11583,11700,118,0
11588,11619,32,0.5
11627,11690,64,0.5
11628,11685,58,0.59
11630,11687,58,0
11632,11689,58,0
11632,11683,52,0.59
11634,11685,52,0
11636,11687,52,0
11634,11683,50,0
11636,11685,50,0
11638,11687,50,0.5
11648,11679,32,0.59
11650,11681,32,0.59
11652,11683,32,0
11657,11686,30,0.59
11659,11688,30,0
11667,11708,42,0.5
11699,11756,58,0.59
11701,11758,58,0.59
11703,11754,52,0.59
11705,11756,52,0.59
11706,11737,32,0.59
11709,11740,32,0.5
11711,11742,32,0.59
11717,11758,42,0.5
11719,11760,42,0
11718,11749,32,0.59
11720,11751,32,0
11722,11753,32,0.59
11723,11754,32,0.59
11725,11756,32,0.5
11762,11791,30,0.59
11767,11824,58,0.59
11769,11826,58,0
11771,11822,52,0.59
11773,11824,52,0
11775,11806,32,0.5
11779,11810,32,0.5
11781,11812,32,0
11779,11810,32,0.59
11781,11812,32,0
11782,11813,32,0.59
11786,11817,32,0.59
11797,11826,30,0.5
11817,11880,64,0.59
11819,11882,64,0.59
11821,11878,58,0.59
11823,11880,58,0
11824,11875,52,0.59
11826,11877,52,0.59
11828,11879,52,0.59
11826,11875,50,0.59
11828,11877,50,0
11839,11870,32,0.59
11841,11872,32,0.59
11843,11874,32,0
11848,11877,30,0.5
11850,11879,30,0.59
11870,11901,32,0
11872,11903,32,0.59
11876,11905,30,0
11878,11907,30,0
11887,11928,42,0.5
11921,12042,122,0
11923,12044,122,0.5
11929,12040,112,0.59
11931,11962,32,0.59
11934,11965,32,0.5
11936,11967,32,0.5
11973,12002,30,0.59
11989,12046,58,0.59
11991,12048,58,0.59
11992,12023,32,0.5
11999,12040,42,0.59
12002,12033,32,0.59
12005,12036,32,0.59
12027,12068,42,0.5
12030,12157,128,0.59
12032,12159,128,0
12084,12117,34,0.59
12088,12151,64,0.5
12092,12143,52,0.59
12098,12129,32,0.5
12100,12131,32,0.59
12105,12146,42,0.59
12106,12137,32,0.59
12108,12139,32,0
12110,12141,32,0.59
12108,12139,32,0.59
12110,12141,32,0.59
12148,12211,64,0.5
12150,12213,64,0
12150,12207,58,0.59
12152,12209,58,0.59
12154,12211,58,0.59
12154,12205,52,0.59
12156,12207,52,0.59
12158,12209,52,0.59
12157,12206,50,0.5
12159,12208,50,0
12166,12207,42,0.59
12168,12209,42,0.59
12170,12201,32,0.59
12172,12203,32,0
12174,12205,32,0
12180,12209,30,0.59
12202,12313,112,0.59
12222,12251,30,0.59
12224,12253,30,0.59
12253,12282,30,0
12262,12303,42,0.5
12263,12320,58,0.59
12265,12322,58,0
12264,12295,32,0.59
12266,12297,32,0
12268,12299,32,0
12267,12318,52,0.59
12269,12320,52,0
12268,12299,32,0.59
12268,12317,50,0.59
12270,12319,50,0
12283,12314,32,0.59
12285,12316,32,0.5
12286,12319,34,0.59
12290,12319,30,0.59
12292,12321,30,0
12294,12379,86,0
12300,12341,42,0.5
12325,12388,64,0.5
12327,12358,32,0.59
12344,12375,32,0
12346,12377,32,0.59
12401,12430,30,0.5
12418,12475,58,0.59
12420,12477,58,0.59
12420,12451,32,0
12422,12473,52,0.59
12424,12475,52,0.59
12423,12454,32,0.5
12424,12473,50,0.59
12426,12475,50,0.59
12434,12465,32,0.59
12438,12469,32,0.59
12440,12471,32,0
12447,12476,30,0
12465,12586,122,0.59
12468,12579,112,0.59
12470,12581,112,0.59
12468,12589,122,0.59
12470,12591,122,0.59
12470,12565,96,0.59
12531,12588,58,0
12535,12586,52,0
12538,12587,50,0
12538,12569,32,0.59
12541,12572,32,0.5
12541,12572,32,0.59
12548,12589,42,0.59
12550,12581,32,0.59
12552,12583,32,0
12554,12585,32,0
12554,12585,32,0.59
12557,12586,30,0.59
12559,12588,30,0
12589,12710,122,0
12591,12712,122,0
12590,12701,112,0.59
12593,12704,112,0.59
12595,12706,112,0.59
12605,12700,96,0.59
12607,12724,118,0.59
12609,12726,118,0
12611,12728,118,0.59
12642,12671,30,0.59
12644,12673,30,0
12646,12675,30,0.5
12656,12713,58,0.59
12658,12715,58,0
12660,12717,58,0.59
12660,12711,52,0.59
12662,12713,52,0
12661,12710,50,0.59
12663,12712,50,0
12665,12714,50,0.59
12677,12708,32,0.59
12679,12710,32,0
12684,12713,30,0
12706,12747,42,0.59
12708,12739,32,0
12710,12741,32,0
12712,12743,32,0
12710,12741,32,0.59
12712,12743,32,0
12711,12742,32,0.59
12713,12744,32,0.59
12718,12747,30,0.5
12745,12786,42,0.5
12745,12776,32,0.5
12747,12778,32,0.59
12745,12776,32,0.59
12747,12778,32,0.59
12760,12801,42,0
12766,12797,32,0.59
12798,12849,52,0.59
12800,12851,52,0
12799,12848,50,0.59
12801,12850,50,0
12812,12853,42,0.59
12813,12844,32,0.59
12815,12846,32,0
12817,12848,32,0.5
12821,12850,30,0.59
12823,12852,30,0
12831,12872,42,0.5
12833,12926,94,0.59
12858,12909,52,0.5
12861,12892,32,0.59
12863,12894,32,0.59
12865,12896,32,0.59
12864,12895,32,0.59
12866,12897,32,0.59
12871,12902,32,0.59
12873,12914,42,0.59
12874,12905,32,0.5
12876,12907,32,0.5
12882,12911,30,0.5
12920,13041,122,0.59
12922,13043,122,0
12924,13045,122,0.59
12921,13032,112,0.59
12924,13035,112,0.59
12926,13037,112,0.59
12978,13007,30,0.59
12990,13047,58,0
12993,13042,50,0.59
12995,13044,50,0
12994,13045,52,0
13008,13039,32,0.59
13010,13041,32,0.5
13015,13044,30,0.59
13017,13046,30,0
13025,13066,42,0.5
13051,13082,32,0.59
13056,13087,32,0
13058,13089,32,0
13056,13097,42,0.59
13092,13149,58,0
13094,13151,58,0
13095,13146,52,0.59
13097,13148,52,0.59
13097,13146,50,0.59
13099,13148,50,0.59
13112,13143,32,0.59
13114,13145,32,0
13118,13147,30,0.59
13120,13149,30,0
13142,13173,32,0.59
13144,13175,32,0
13170,13233,64,0.5
13172,13235,64,0.59
13173,13230,58,0.59
13176,13233,58,0.59
13177,13208,32,0
13177,13228,52,0.59
13179,13230,52,0.59
13181,13232,52,0.59
13178,13227,50,0.59
13180,13229,50,0
13182,13231,50,0.5
13179,13212,34,0.59
13183,13212,30,0
13192,13223,32,0
13194,13225,32,0
13196,13227,32,0.5
13192,13223,32,0.5
13194,13225,32,0
13196,13227,32,0.5
13201,13230,30,0.59
13203,13232,30,0.5
13211,13252,42,0.5
13236,13293,58,0.59
13240,13291,52,0.59
13242,13291,50,0.59
13251,13292,42,0.59
13255,13286,32,0
13261,13290,30,0
13265,13322,58,0.59
13267,13324,58,0.59
13269,13320,52,0.59
13270,13319,50,0.59
13272,13321,50,0.59
13271,13322,52,0.59
13278,13309,32,0.5
13280,13321,42,0.59
13282,13313,32,0.59
13284,13315,32,0
13286,13317,32,0
13284,13315,32,0.59
13286,13317,32,0
13292,13321,30,0.5
13339,13368,30,0.5
13342,13463,122,0.59
13344,13465,122,0
13345,13456,112,0.59
13347,13458,112,0.59
13349,13460,112,0.59
13356,13451,96,0.59
13389,13420,32,0.5
13391,13422,32,0.5
13409,13466,58,0.59
13411,13468,58,0
13413,13470,58,0.59
13413,13464,52,0.59
13415,13466,52,0
13417,13468,52,0.59
13415,13464,50,0.59
13417,13466,50,0
13419,13468,50,0.59
13419,13450,32,0.5
13427,13468,42,0.59
13429,13460,32,0.59
13431,13462,32,0
13436,13465,30,0.5
13438,13467,30,0
13446,13487,42,0.5
13448,13489,42,0.5
13470,13533,64,0.59
13472,13535,64,0.59
13473,13530,58,0
13475,13532,58,0
13477,13526,50,0.59
13479,13528,50,0
13481,13530,50,0.5
13477,13528,52,0
13479,13530,52,0
13492,13523,32,0.59
13494,13525,32,0
13500,13529,30,0
13502,13531,30,0.59
13508,13549,42,0.59
13510,13551,42,0
13541,13652,112,0.59
13545,13574,30,0.59
13552,13593,42,0.5
13554,13665,112,0.59
13556,13667,112,0.59
13573,13614,42,0.5
13605,13662,58,0
13607,13664,58,0
13609,13660,52,0
13611,13662,52,0
13611,13660,50,0
13613,13662,50,0.5
13613,13644,32,0.5
13615,13646,32,0.5
13625,13656,32,0
13627,13658,32,0.5
13631,13660,30,0.59
13633,13662,30,0.5
13648,13677,30,0.59
13656,13697,42,0.5
13673,13736,64,0.5
13677,13734,58,0.59
13679,13736,58,0.59
13681,13730,50,0.59
13683,13732,50,0.5
13681,13732,52,0.59
13694,13725,32,0.59
13696,13727,32,0
13698,13729,32,0
13696,13727,32,0.59
13698,13729,32,0
13697,13728,32,0.59
13699,13730,32,0.59
13719,13750,32,0.5
13720,13753,34,0.5
13722,13755,34,0.59
13725,13754,30,0.5
13727,13756,30,0.59
13736,13777,42,0.5
13752,13785,34,0.59
13756,13785,30,0.59
13776,13887,112,0.59
13778,13889,112,0.59
13786,13817,32,0
13790,13901,112,0.59
13791,13820,30,0.5
13861,13892,32,0
13863,13894,32,0
13863,13894,32,0.59
13900,14027,128,0
13940,13991,52,0.59
13941,13990,50,0.59
13944,13975,32,0.5
13946,13977,32,0.59
13948,13979,32,0.59
13944,13975,32,0.59
13946,13977,32,0.59
13948,13979,32,0.59
13955,13986,32,0.5
13957,13988,32,0.59
13955,13986,32,0.59
13957,13988,32,0.59
13956,13987,32,0.59
13958,13989,32,0.59
14023,14052,30,0.59
14031,14142,112,0.59
14033,14144,112,0.59
14034,14091,58,0.59
14036,14093,58,0
14038,14089,52,0.59
14040,14091,52,0
14039,14088,50,0.59
14041,14090,50,0.5
14042,14073,32,0.59
14045,14076,32,0.59
14050,14167,118,0.59
14054,14085,32,0.59
14056,14087,32,0.5
14061,14090,30,0.59
14063,14092,30,0.59
14072,14113,42,0.59
14097,14160,64,0.5
14105,14154,50,0.59
14112,14153,42,0.59
14116,14147,32,0.59
14118,14149,32,0.59
14144,14239,96,0
14146,14241,96,0
14178,14235,58,0.59
14182,14233,52,0.59
14184,14215,32,0.59
14194,14235,42,0.59
14194,14257,64,0.5
14196,14259,64,0.5
14196,14227,32,0.59
14198,14229,32,0.59
14196,14253,58,0.59
14197,14228,32,0.59
14198,14255,58,0.59
14200,14231,32,0.59
14200,14251,52,0.59
14200,14257,58,0.59
14202,14253,52,0.59
14203,14252,50,0.59
14205,14254,50,0.59
14204,14255,52,0
14212,14253,42,0.59
14214,14245,32,0.59
14217,14248,32,0.5
14219,14250,32,0.59
14235,14276,42,0.59
14248,14277,30,0.59
14255,14296,42,0.5
14269,14326,58,0.59
14271,14328,58,0.59
14273,14324,52,0.59
14275,14326,52,0.59
14275,14324,50,0
14277,14326,50,0.59
14289,14320,32,0
14292,14323,32,0.59
14295,14324,30,0.5
14297,14326,30,0.59
14306,14347,42,0.5
14348,14379,32,0.59
14350,14381,32,0
14349,14380,32,0.59
14351,14382,32,0.59
14350,14381,32,0.59
14353,14384,32,0.5
14354,14411,58,0
14356,14413,58,0.59
14355,14386,32,0.5
14358,14407,50,0.59
14360,14409,50,0
14362,14411,50,0.59
14358,14409,52,0
14360,14411,52,0.59
14372,14403,32,0.59
14374,14405,32,0
14376,14407,32,0.5
14380,14409,30,0.59
14382,14411,30,0
14390,14431,42,0.5
14416,14445,30,0.59
14424,14465,42,0
14428,14485,58,0.59
14430,14487,58,0
14432,14483,52,0.59
14434,14485,52,0
14433,14482,50,0.59
14435,14484,50,0
14437,14486,50,0.59
14448,14479,32,0.59
14450,14481,32,0
14455,14484,30,0.59
14457,14486,30,0
14465,14506,42,0.5
14486,14543,58,0.59
14488,14545,58,0.59
14487,14518,32,0.59
14489,14520,32,0
14490,14541,52,0.59
14492,14543,52,0.59
14491,14522,32,0.5
14491,14540,50,0.59
14493,14542,50,0
14495,14524,30,0.59
14497,14526,30,0
14506,14537,32,0
14513,14542,30,0.59
14515,14544,30,0.59
14523,14564,42,0.5
14555,14606,52,0.59
14559,14590,32,0.59
14569,14600,32,0.59
14571,14602,32,0
14573,14604,32,0.59
14591,14702,112,0.59
14591,14620,30,0.59
14603,14698,96,0.59
14630,14687,58,0.59
14631,14682,52,0.59
14633,14684,52,0.59
14634,14683,50,0.5
14644,14675,32,0.5
14645,14686,42,0
14647,14678,32,0.59
14649,14680,32,0
14651,14682,32,0.59
14654,14711,58,0.59
14656,14713,58,0
14655,14684,30,0
14658,14709,52,0.59
14660,14711,52,0
14660,14709,50,0.5
14662,14711,50,0.5
14674,14705,32,0
14676,14707,32,0
14674,14715,42,0.59
14681,14710,30,0.59
14683,14712,30,0
14730,14759,30,0.59
14745,14774,30,0.59
14754,14795,42,0.5
14785,14848,64,0.5
14787,14850,64,0.5
14795,14844,50,0.59
14804,14835,32,0.59
14804,14845,42,0.59
14807,14838,32,0.59
14809,14840,32,0
14808,14839,32,0.59
14810,14841,32,0.59
14810,14841,32,0.59
14860,14889,30,0.59
14875,14938,64,0.5
14877,14940,64,0.5
14879,14936,58,0.59
14881,14938,58,0.59
14883,14934,52,0.59
14884,14933,50,0.59
14896,14927,32,0.59
14898,14929,32,0.59
14900,14931,32,0.59
14934,14963,30,0.59
14936,14965,30,0.59
14944,14985,42,0.5
14973,15024,52,0.59
14987,15018,32,0.59
14989,15020,32,0.59
14991,15022,32,0
14993,15024,32,0.59
15021,15148,128,0
15023,15118,96,0.59
15025,15120,96,0
15027,15122,96,0.59
15055,15088,34,0
15059,15088,30,0
15076,15139,64,0.5
15078,15141,64,0.5
15079,15136,58,0.59
15081,15138,58,0.59
15083,15134,52,0.59
15085,15134,50,0
15085,15136,52,0.59
15098,15129,32,0
15100,15131,32,0.59
15098,15129,32,0.59
15100,15131,32,0.59
15099,15130,32,0.59
15101,15132,32,0.59
15168,15225,58,0
15170,15227,58,0
15172,15223,52,0
15174,15225,52,0
15176,15225,50,0.5
15186,15217,32,0.59
15188,15219,32,0
15190,15221,32,0
15187,15228,42,0.59
15192,15223,32,0.59
15196,15225,30,0.5
15218,15313,96,0.59
15220,15315,96,0
15223,15318,96,0.59
15270,15333,64,0.5
15272,15329,58,0.59
15274,15331,58,0
15276,15333,58,0.59
15276,15327,52,0.59
15278,15329,52,0
15280,15331,52,0.59
15278,15327,50,0
15280,15329,50,0
15291,15322,32,0.59
15293,15324,32,0
15295,15326,32,0
15300,15329,30,0.59
15302,15331,30,0.59
15311,15352,42,0.5
15338,15401,64,0.5
15340,15403,64,0.5
15341,15372,32,0.59
15345,15376,32,0.59
15347,15396,50,0.59
15348,15379,32,0.59
15355,15396,42,0.59
15357,15388,32,0.59
15357,15398,42,0.5
15359,15390,32,0
15361,15392,32,0.59
15363,15394,32,0.59
15359,15390,32,0.59
15361,15392,32,0.59
15363,15394,32,0.59
15405,15434,30,0.59
15430,15493,64,0.5
15432,15489,58,0.59
15434,15491,58,0.59
15436,15487,52,0.59
15437,15486,50,0.59
15439,15488,50,0.59
15438,15489,52,0.59
15450,15481,32,0.59
15452,15483,32,0
15514,15577,64,0.5
15516,15579,64,0.5
15521,15572,52,0.59
15522,15553,32,0.59
15524,15555,32,0.59
15526,15557,32,0
15528,15559,32,0.59
15523,15572,50,0.59
15525,15556,32,0.59
15527,15558,32,0.59
15529,15560,32,0.59
15532,15573,42,0.59
15533,15564,32,0.59
15535,15566,32,0
15537,15568,32,0.59
15539,15570,32,0.5
15575,15616,42,0.5
15596,15653,58,0.59
15604,15635,32,0.59
15606,15637,32,0.59
15608,15639,32,0
15610,15641,32,0.59
15608,15639,32,0.59
15610,15641,32,0.59
15667,15698,32,0
15696,15727,32,0.59
15698,15729,32,0.59
15700,15731,32,0.59
15696,15737,42,0.59
15764,15827,64,0.5
15765,15794,30,0.59
15767,15796,30,0.59
15783,15814,32,0.59
15785,15816,32,0.59
15842,15871,30,0.59
15844,15873,30,0
15858,15915,58,0.59
15868,15899,32,0.59
15870,15901,32,0.59
15872,15903,32,0
15868,15909,42,0
15871,15902,32,0.59
15878,15909,32,0.5
15886,15915,30,0.5
15928,15985,58,0.59
15933,15964,32,0.59
15937,15978,42,0.5
15939,15970,32,0.59
15942,15973,32,0.5
15944,15975,32,0.59
15994,16035,42,0.5
16020,16051,32,0
16023,16054,32,0.59
16038,16079,42,0.5
16065,16094,30,0
16067,16096,30,0.59
16082,16193,112,0.59
16084,16195,112,0.59
16131,16182,52,0.59
16138,16169,32,0.59
16144,16175,32,0.5
16147,16178,32,0.59
16147,16210,64,0.5
16149,16212,64,0.5
16149,16206,58,0
16151,16208,58,0.59
16151,16182,32,0.5
16153,16204,52,0
16155,16206,52,0.59
16155,16204,50,0.5
16157,16206,50,0.59
16165,16206,42,0.59
16167,16198,32,0.59
16169,16200,32,0
16171,16202,32,0
16175,16204,30,0.59
16177,16206,30,0
16214,16277,64,0.5
16218,16275,58,0.59
16220,16277,58,0.59
16222,16273,52,0.59
16223,16272,50,0.59
16225,16274,50,0
16224,16275,52,0.59
16226,16257,32,0.5
16228,16259,32,0.59
16231,16262,32,0.5
16233,16264,32,0.59
16235,16266,32,0.59
16237,16268,32,0.59
16239,16270,32,0
16231,16262,32,0.59
16233,16264,32,0.59
16235,16266,32,0.59
16237,16268,32,0.59
16239,16270,32,0
16307,16370,64,0.5
16309,16366,58,0.59
16311,16368,58,0
16313,16370,58,0.59
16313,16364,52,0.59
16315,16366,52,0
16314,16363,50,0.59
16316,16365,50,0
16318,16367,50,0.5
16328,16359,32,0.5
16330,16361,32,0.59
16332,16363,32,0.5
16337,16366,30,0.59
16339,16368,30,0
16347,16388,42,0.5
16384,16425,42,0.5
16386,16427,42,0
16386,16417,32,0.59
16388,16419,32,0.59
16390,16421,32,0
16389,16420,32,0.59
16391,16422,32,0.5
16391,16422,32,0.5
16423,16518,96,0.59
16425,16520,96,0.59
16478,16541,64,0.5
16479,16536,58,0.59
16481,16538,58,0
16483,16540,58,0.59
16483,16534,52,0.59
16485,16536,52,0
16487,16538,52,0.59
16485,16534,50,0
16487,16536,50,0
16499,16530,32,0
16501,16532,32,0
16508,16537,30,0.59
16516,16557,42,0.5
16537,16600,64,0.5
16545,16594,50,0.59
16554,16595,42,0.59
16556,16587,32,0.59
16558,16589,32,0.59
16560,16591,32,0
16560,16591,32,0.59
16611,16652,42,0.5
16632,16663,32,0.5
16637,16700,64,0.5
16640,16697,58,0.59
16642,16699,58,0.59
16644,16693,50,0.59
16646,16695,50,0
16644,16695,52,0.59
16646,16697,52,0.59
16658,16689,32,0.5
16660,16691,32,0
16662,16693,32,0.5
16658,16689,32,0.59
16660,16691,32,0
16662,16693,32,0.5
16668,16697,30,0
16700,16763,64,0.5
16704,16761,58,0.59
16706,16763,58,0.59
16708,16757,50,0.59
16710,16759,50,0.5
16708,16759,52,0.59
16718,16759,42,0.59
16720,16751,32,0
16722,16753,32,0.59
16724,16755,32,0
16726,16757,32,0.59
16720,16751,32,0.59
16722,16753,32,0.59
16724,16755,32,0
16726,16757,32,0.59
16807,16838,32,0
16809,16840,32,0.59
16817,16906,90,0.5
16818,16903,86,0.59
16845,16908,64,0
16847,16910,64,0.5
16847,16904,58,0.59
16851,16902,52,0.59
16855,16904,50,0.59
16862,16903,42,0.59
16864,16905,42,0.59
16865,16896,32,0.59
16867,16898,32,0.59
16869,16900,32,0.59
16868,16899,32,0.59
16870,16901,32,0.59
16900,16995,96,0.59
16902,16997,96,0.59
16905,17016,112,0.59
16939,16970,32,0.5
16973,17004,32,0.5
16976,17007,32,0
16978,17009,32,0
16978,17009,32,0.59
17019,17048,30,0
17021,17084,64,0.5
17029,17078,50,0.59
17040,17071,32,0.59
17042,17073,32,0.59
17044,17075,32,0.59
17071,17198,128,0.59
17074,17169,96,0.59
17128,17191,64,0.5
17130,17193,64,0.5
17132,17189,58,0.59
17134,17191,58,0.59
17136,17187,52,0.59
17137,17186,50,0.59
17139,17188,50,0.59
17138,17189,52,0.59
17146,17177,32,0.5
17146,17187,42,0.59
17150,17181,32,0.5
17152,17183,32,0
17154,17185,32,0.5
17150,17181,32,0.59
17152,17183,32,0
17154,17185,32,0.5
17151,17182,32,0.59
17153,17184,32,0
17190,17247,58,0.59
17192,17249,58,0.59
17194,17245,52,0.59
17207,17248,42,0.59
17209,17250,42,0.59
17209,17240,32,0.59
17211,17242,32,0
17214,17245,32,0.5
17217,17246,30,0.5
17272,17383,112,0.59
17274,17385,112,0.59
17276,17387,112,0.59
17285,17396,112,0.59
17290,17401,112,0.59
17303,17332,30,0
17337,17394,58,0.59
17339,17396,58,0.59
17341,17392,52,0.59
17343,17394,52,0.59
17343,17392,50,0.5
17345,17394,50,0.59
17357,17388,32,0
17359,17390,32,0.59
17413,17534,122,0.5
17428,17545,118,0.59
17430,17547,118,0
17432,17549,118,0.59
17430,17471,42,0.5
17444,17533,90,0.59
17446,17535,90,0.59
17474,17537,64,0.59
17476,17539,64,0.59
17477,17534,58,0.59
17479,17536,58,0
17481,17532,52,0.59
17483,17534,52,0
17482,17531,50,0.59
17484,17533,50,0
17486,17535,50,0.59
17495,17536,42,0.59
17497,17528,32,0.59
17499,17530,32,0
17504,17533,30,0.59
17506,17535,30,0
17514,17555,42,0.5
17563,17626,64,0.5
17567,17624,58,0.59
17569,17600,32,0.59
17571,17622,52,0.59
17572,17603,32,0.59
17578,17619,42,0.59
17580,17611,32,0.59
17582,17613,32,0.59
17584,17615,32,0.59
17709,17820,112,0
17716,17745,30,0.5
17778,17819,42,0
17780,17811,32,0.59
17782,17813,32,0.59
17784,17815,32,0.5
17819,17850,32,0.5
17821,17852,32,0.59
17826,17855,30,0.5
17828,17857,30,0.59
17844,17873,30,0.59
17890,17947,58,0.59
17892,17949,58,0.59
17894,17945,52,0.59
17896,17947,52,0.59
17896,17945,50,0.59
17898,17947,50,0.59
17906,17937,32,0.59
17910,17941,32,0.59
17912,17943,32,0.5
17918,17947,30,0
17927,17968,42,0.59
17962,18003,42,0.5
17964,18075,112,0.59
17966,18077,112,0.59
17984,18095,112,0.59
17986,18097,112,0.59
17988,18099,112,0.59
17989,18110,122,0.59
17991,18112,122,0
17990,18101,112,0.59
17993,18026,34,0.5
17993,18104,112,0.59
17995,18106,112,0.59
17999,18028,30,0
18009,18120,112,0.59
18031,18088,58,0.59
18035,18086,52,0.59
18038,18087,50,0.59
18047,18088,42,0.59
18049,18080,32,0
18051,18082,32,0
18053,18084,32,0.59
18057,18086,30,0.5
18058,18115,58,0
18060,18117,58,0
18062,18111,50,0.59
18064,18113,50,0
18066,18115,50,0.5
18062,18113,52,0
18064,18115,52,0
18071,18102,32,0.5
18073,18104,32,0.59
18076,18107,32,0.59
18078,18109,32,0
18080,18111,32,0.5
18084,18113,30,0.59
18086,18115,30,0
18322,18351,30,0.59
18348,18377,30,0.59
18363,18392,30,0.59
18378,18407,30,0.59
18403,18432,30,0.59
18405,18434,30,0.59
18433,18544,112,0.59
18444,18555,112,0.59
18458,18487,30,0.59
18502,18553,52,0.59
18503,18532,30,0.59
18516,18547,32,0.59
18518,18549,32,0
18520,18551,32,0.59
18518,18549,32,0.59
18520,18551,32,0.59
18561,18602,42,0.59
18563,18594,32,0.59
18565,18596,32,0
18570,18599,30,0.5
18591,18622,32,0.59
18593,18634,42,0
18596,18627,32,0.59
18598,18629,32,0.59
18602,18631,30,0.59
18604,18633,30,0.59
18623,18656,34,0.5
18628,18657,30,0.5
18680,18737,58,0.59
18692,18723,32,0.5
18694,18725,32,0
18692,18723,32,0.59
18694,18725,32,0
18698,18729,32,0.5
18706,18735,30,0.5
18736,18767,32,0
18738,18769,32,0
18736,18767,32,0.5
18738,18769,32,0
18740,18771,32,0.5
18754,18795,42,0.5
18859,18910,52,0.59
18874,18905,32,0
18876,18907,32,0
18878,18909,32,0.59
18883,18924,42,0.5
18887,18918,32,0.5
18889,18920,32,0.59
18914,18947,34,0.5
18919,18948,30,0.59
18921,18950,30,0.59
18939,18970,32,0.59
18942,18973,32,0
18944,18975,32,0.59
19025,19056,32,0.5
19027,19078,52,0.59
19028,19085,58,0.59
19029,19080,52,0.59
19030,19079,50,0.59
19032,19083,52,0.59
19038,19079,42,0.59
19044,19075,32,0
19046,19077,32,0
19044,19075,32,0.59
19046,19077,32,0
19045,19076,32,0.59
19047,19078,32,0.59
19046,19087,42,0.5
19130,19193,64,0.5
19133,19190,58,0.59
19135,19192,58,0.59
19136,19187,52,0.59
19138,19189,52,0.59
19138,19187,50,0
19140,19189,50,0.5
19149,19180,32,0.5
19150,19181,32,0.59
19152,19183,32,0
19154,19185,32,0.5
19152,19183,32,0.59
19154,19185,32,0.5
19195,19226,32,0.59
19197,19228,32,0
19203,19232,30,0
19205,19234,30,0.59
19243,19274,32,0.59
19245,19276,32,0
19247,19278,32,0
19251,19280,30,0.5
19259,19290,32,0.5
19261,19292,32,0.59
19263,19294,32,0.5
19265,19296,32,0.5
19312,19341,30,0
19316,19401,86,0
19321,19362,42,0.5
19322,19415,94,0.5
19343,19384,42,0.59
19343,19400,58,0
19345,19402,58,0.59
19347,19398,52,0
19349,19400,52,0.59
19352,19409,58,0.59
19360,19401,42,0
19362,19403,42,0.59
19360,19413,54,0.5
19363,19394,32,0
19365,19396,32,0
19367,19398,32,0
19416,19479,64,0.5
19418,19481,64,0.5
19420,19477,58,0.59
19422,19479,58,0
19424,19481,58,0.59
19424,19475,52,0.59
19426,19477,52,0
19425,19474,50,0.59
19427,19476,50,0.5
19429,19478,50,0.5
19437,19468,32,0.5
19439,19470,32,0.59
19443,19474,32,0.5
19448,19477,30,0.59
19450,19479,30,0.59
19476,19505,30,0.59
19486,19527,42,0.5
19502,19565,64,0.5
19505,19562,58,0.59
19507,19564,58,0
19511,19562,52,0
19511,19560,50,0.59
19513,19562,50,0.5
19522,19553,32,0.5
19524,19555,32,0.59
19526,19557,32,0.5
19533,19562,30,0.59
19535,19564,30,0.59
19604,19635,32,0.5
19685,19718,34,0.59
19689,19718,30,0.59
19691,19720,30,0
19730,19761,32,0.59
19732,19763,32,0
19734,19765,32,0.59
19775,19816,42,0
19777,19808,32,0.59
19779,19810,32,0
19781,19812,32,0.59
19785,19814,30,0.5
19817,19848,32,0.5
19823,19852,30,0
19825,19854,30,0.59
19833,19874,42,0
19835,19956,122,0
19837,19958,122,0
19839,19960,122,0
19843,19954,112,0.59
19853,19970,118,0.59
19863,19892,30,0.59
19886,19997,112,0.59
19901,19964,64,0.5
19903,19960,58,0.59
19905,19962,58,0
19907,19964,58,0.59
19906,19935,30,0.59
19907,19958,52,0.59
19909,19960,52,0
19911,19962,52,0
19908,19957,50,0.59
19910,19959,50,0
19912,19961,50,0
19922,19953,32,0.59
19924,19955,32,0
19926,19957,32,0
19930,19959,30,0.59
19932,19961,30,0
19948,20005,58,0.5
19950,19981,32,0.5
19952,19983,32,0.59
19953,20006,54,0.59
19955,20008,54,0.59
19955,19986,32,0.5
19967,19998,32,0.59
19969,20000,32,0.5
19974,20003,30,0.59
19976,20005,30,0
19995,20026,32,0.59
19997,20028,32,0.59
20046,20167,122,0.59
20048,20169,122,0.59
20107,20170,64,0.5
20115,20164,50,0.59
20125,20166,42,0.59
20128,20159,32,0.59
20130,20161,32,0.59
20129,20160,32,0.59
20131,20162,32,0.59
20154,20187,34,0.5
20158,20187,30,0
20160,20189,30,0.59
20180,20211,32,0.5
20181,20214,34,0.59
20185,20214,30,0.59
20187,20216,30,0
20195,20236,42,0.59
20197,20238,42,0.59
20268,20301,34,0.5
20273,20302,30,0.59
20287,20398,112,0.59
20289,20400,112,0.59
20291,20412,122,0.59
20294,20405,112,0.59
20296,20407,112,0.59
20295,20416,122,0.59
20300,20411,112,0.59
20300,20421,122,0.59
20302,20423,122,0
20309,20420,112,0.59
20381,20412,32,0
20383,20414,32,0.59
20381,20422,42,0.59
20382,20413,32,0.59
20384,20415,32,0.59
20388,20419,32,0.59
20411,20440,30,0.59
20420,20461,42,0.5
20450,20491,42,0.5
20458,20579,122,0
20487,20516,30,0.59
20489,20518,30,0.5
20524,20581,58,0.59
20526,20583,58,0.59
20526,20575,50,0.59
20527,20558,32,0
20535,20576,42,0.59
20538,20569,32,0.59
20540,20571,32,0
20539,20570,32,0.59
20541,20572,32,0.59
20541,20572,32,0.59
20563,20596,34,0.59
20567,20596,30,0.59
20578,20619,42,0.59
20602,20633,32,0.5
20605,20638,34,0
20608,20637,30,0.5
20611,20640,30,0.59
20633,20664,32,0.59
20635,20666,32,0
20637,20668,32,0.5
20641,20670,30,0
20643,20672,30,0
20651,20692,42,0.5
20741,20852,112,0.59
20743,20854,112,0.59
20752,20863,112,0.59
20754,20865,112,0.59
20759,20790,32,0.5
20764,20875,112,0.59
20765,20794,30,0
20768,20879,112,0.59
20770,20881,112,0.59
20772,20883,112,0.59
20825,20856,32,0
20827,20858,32,0.59
20829,20860,32,0
20826,20857,32,0.59
20828,20859,32,0
20834,20865,32,0.5
20836,20867,32,0.5
20846,20877,32,0.59
20854,20885,32,0.59
20856,20887,32,0
20855,20886,32,0.59
20857,20888,32,0.59
20856,20887,32,0.59
20899,20962,64,0.5
20899,20956,58,0.59
20901,20958,58,0
20903,20960,58,0.59
20902,20931,30,0.59
20903,20954,52,0.59
20905,20956,52,0.5
20906,20955,50,0.59
20908,20957,50,0
20906,20963,58,0.59
20908,20959,52,0
20910,20959,50,0.5
20914,20945,32,0.5
20916,20947,32,0
20914,20945,32,0.59
20916,20947,32,0
20915,20956,42,0.59
20916,20947,32,0.59
20918,20949,32,0.59
20920,20951,32,0.59
20922,20953,32,0
20924,20955,32,0.5
20930,20959,30,0.59
20932,20961,30,0.5
20938,20979,42,0.5
20940,20981,42,0.5
20949,21000,52,0
20949,21006,58,0.59
20954,20983,30,0
20963,20994,32,0.59
20965,20996,32,0
20967,20998,32,0
20964,20995,32,0.59
20966,20997,32,0
20965,20996,32,0.59
20967,20998,32,0
20973,21002,30,0.5
21014,21043,30,0
21022,21063,42,0.59
21024,21065,42,0.59
21036,21065,30,0.59
21038,21067,30,0
21061,21092,32,0
21063,21094,32,0.59
21110,21141,32,0.5
21112,21143,32,0
21110,21141,32,0.59
21112,21143,32,0
21164,21193,30,0
21166,21195,30,0.59
21178,21211,34,0.59
21182,21211,30,0.59
21184,21213,30,0.59
21267,21298,32,0.5
21278,21309,32,0.5
21284,21315,32,0.59
21284,21325,42,0.59
21290,21321,32,0
21328,21359,32,0.5
21342,21371,30,0.5
21373,21404,32,0.5
21377,21408,32,0
21379,21410,32,0.59
21510,21541,32,0.5
21555,21588,34,0
21560,21589,30,0.59
21572,21605,34,0.5
21577,21606,30,0.59
21585,21626,42,0.5
21603,21632,30,0.5
21730,21787,58,0.59
21732,21789,58,0
21734,21785,52,0.59
21736,21787,52,0
21735,21784,50,0.59
21737,21786,50,0
21749,21780,32,0.59
21751,21782,32,0
21753,21784,32,0.5
21757,21786,30,0.59
21759,21788,30,0
21826,21855,30,0.5
21852,21909,58,0.59
21855,21906,52,0.59
21857,21908,52,0.59
21857,21906,50,0
21862,21893,32,0
21864,21895,32,0.59
21866,21897,32,0.59
21862,21893,32,0.59
21864,21895,32,0.59
21866,21897,32,0.59
21864,21905,42,0.59
21870,21901,32,0.59
21872,21903,32,0.59
21879,21936,58,0.5
21883,21934,52,0.5
21898,21929,32,0.59
21900,21931,32,0
21902,21933,32,0.59
21946,21977,32,0.5
21969,22026,58,0.5
21971,22020,50,0.59
21971,22022,52,0.59
21973,22022,50,0.5
21973,22024,52,0.5
21986,22017,32,0.59
21988,22019,32,0
21990,22021,32,0.5
21994,22023,30,0.59
21996,22025,30,0
22016,22047,32,0
22018,22049,32,0.59
22022,22051,30,0.59
22024,22053,30,0.59
22033,22074,42,0.5
22097,22128,32,0
22104,22133,30,0.5
22233,22290,58,0.59
22235,22286,52,0.59
22237,22288,52,0
22238,22287,50,0.5
22251,22282,32,0.59
22253,22284,32,0
22255,22286,32,0.59
22259,22288,30,0.5
22285,22316,32,0.5
22287,22318,32,0.5
22294,22323,30,0.59
22317,22346,30,0.5
22347,22378,32,0.59
22349,22380,32,0
22348,22379,32,0.59
22350,22381,32,0
22350,22381,32,0
22353,22384,32,0.5
22386,22419,34,0.59
22387,22418,32,0.5
22392,22421,30,0
22452,22483,32,0.59
22454,22485,32,0
22561,22590,30,0.59
22563,22592,30,0.59
22572,22613,42,0.5
22635,22666,32,0
22637,22668,32,0.5
22638,22671,34,0
22642,22671,30,0.59
22644,22673,30,0.59
22655,22688,34,0.5
22660,22689,30,0.59
22668,22709,42,0.59
22738,22769,32,0.5
22743,22772,30,0
22745,22774,30,0.59
22753,22794,42,0.5
22771,22892,122,0
22773,22894,122,0
22775,22896,122,0.59
22774,22885,112,0.59
22776,22887,112,0.59
22784,22813,30,0.59
22789,22906,118,0.59
22791,22908,118,0
22793,22910,118,0.59
22795,22912,118,0.59
22803,22854,52,0.59
22806,22855,50,0.59
22819,22850,32,0.59
22821,22852,32,0
22823,22854,32,0.59
22821,22854,34,0.59
22826,22855,30,0.59
22839,22896,58,0.59
22841,22898,58,0.59
22843,22894,52,0.59
22845,22896,52,0.59
22844,22893,50,0.59
22846,22895,50,0
22848,22897,50,0.59
22857,22898,42,0.59
22859,22890,32,0.59
22862,22893,32,0.5
22867,22896,30,0
22869,22898,30,0.59
22900,23011,112,0.59
22902,23013,112,0.59
22912,23033,122,0
22914,23035,122,0
22914,23009,96,0.59
22915,23026,112,0.59
22917,23028,112,0
22920,23031,112,0.59
22948,22979,32,0.5
22955,22984,30,0
22967,23024,58,0.59
22970,23021,52,0.59
22972,23023,52,0.59
22972,23021,50,0
22981,23038,58,0.5
22985,23016,32,0.59
22987,23018,32,0
22989,23020,32,0.59
22985,23036,52,0.5
22986,23017,32,0.59
22988,23019,32,0
22990,23021,32,0.59
22993,23022,30,0.5
23003,23034,32,0.5
23008,23037,30,0.59
23010,23039,30,0.59
23028,23059,32,0
23032,23061,30,0.59
23034,23063,30,0
23057,23088,32,0.59
23166,23195,30,0.5
23201,23258,58,0.59
23202,23233,32,0.5
23204,23235,32,0.59
23203,23234,32,0.59
23205,23236,32,0.59
23203,23260,58,0.59
23214,23245,32,0.59
23220,23251,32,0
23222,23253,32,0.59
23244,23277,34,0.5
23249,23278,30,0.59
23251,23280,30,0
23272,23303,32,0.59
23274,23305,32,0.5
23275,23308,34,0
23279,23308,30,0.59
23281,23310,30,0
23301,23332,32,0.59
23303,23334,32,0.5
23308,23337,30,0.59
23310,23339,30,0
23318,23359,42,0.5
23320,23361,42,0
23330,23387,58,0
23333,23384,52,0.59
23335,23386,52,0
23334,23383,50,0.59
23336,23385,50,0.5
23347,23388,42,0.59
23348,23379,32,0.59
23350,23381,32,0.5
23356,23385,30,0.59
23358,23387,30,0
23406,23437,32,0.5
23408,23441,34,0.59
23412,23441,30,0.59
23414,23443,30,0
23422,23463,42,0
23485,23516,32,0.5
23491,23520,30,0
23500,23541,42,0.59
23518,23559,42,0.59
23521,23552,32,0
23523,23554,32,0
23529,23558,30,0.5
23551,23582,32,0.5
23553,23584,32,0.5
23603,23632,30,0.5
23793,23824,32,0.59
23795,23826,32,0
23797,23828,32,0
23802,23831,30,0
23804,23833,30,0.59
23811,23852,42,0.5
23846,23903,58,0.59
23848,23905,58,0.59
23850,23901,52,0.59
23852,23903,52,0.59
23864,23905,42,0
23866,23897,32,0.59
23868,23899,32,0
23875,23904,30,0.5
23887,23920,34,0.59
23892,23921,30,0.59
23913,23942,30,0
23915,23944,30,0
23938,23967,30,0.5
24020,24061,42,0.5
24033,24064,32,0.59
24034,24075,42,0.59
24035,24066,32,0
24035,24066,32,0.59
24037,24068,32,0
24039,24070,32,0.59
24043,24072,30,0.59
24045,24074,30,0.59
24052,24093,42,0.59
24070,24123,54,0.5
24073,24104,32,0.59
24088,24117,30,0.59
24090,24119,30,0.59
24118,24149,32,0.59
24120,24151,32,0.59
24123,24154,32,0.5
24186,24227,42,0
24189,24220,32,0.59
24192,24223,32,0.5
24192,24223,32,0.5
24254,24285,32,0.5
24293,24322,30,0.5
24295,24324,30,0.59
24310,24341,32,0
24312,24343,32,0
24313,24344,32,0
24333,24362,30,0.59
24368,24399,32,0.59
24370,24401,32,0.59
24376,24407,32,0.59
24387,24418,32,0
24387,24428,42,0.59
24406,24435,30,0.5
24435,24486,52,0.59
24448,24479,32,0.59
24452,24483,32,0
24452,24483,32,0.59
24454,24485,32,0
24490,24521,32,0.59
24492,24523,32,0.5
24493,24526,34,0.59
24498,24527,30,0
24500,24529,30,0
24513,24546,34,0.5
24519,24548,30,0
24521,24550,30,0.59
24529,24570,42,0.5
24559,24590,32,0
24606,24637,32,0.5
24608,24639,32,0.5
24652,24681,30,0.5
24671,24712,42,0.59
24675,24706,32,0
24681,24710,30,0
24711,24752,42,0.5
24713,24744,32,0.59
24715,24746,32,0.5
24721,24750,30,0.5
24809,24840,32,0.59
24811,24842,32,0.5
24813,24844,32,0.59
24816,24847,32,0.5
24822,24851,30,0.59
24824,24853,30,0.59
24839,24896,58,0.59
24842,24893,52,0.5
24844,24895,52,0.59
24843,24892,50,0.59
24845,24894,50,0.5
24849,24880,32,0.5
24857,24888,32,0.59
24859,24890,32,0
24866,24895,30,0.59
24908,24937,30,0.59
24910,24939,30,0
24932,24963,32,0.5
24934,24965,32,0.59
24936,24967,32,0.5
24932,24963,32,0.59
24934,24965,32,0.59
24936,24967,32,0.5
24933,24964,32,0.59
24935,24966,32,0.59
24942,24971,30,0.5
24944,24973,30,0.5
24993,25022,30,0.59
24995,25024,30,0.59
25152,25183,32,0.59
25154,25185,32,0
25159,25188,30,0.5
25161,25190,30,0.59
25170,25211,42,0.5
25227,25338,112,0.59
25230,25341,112,0.59
25232,25343,112,0.59
25234,25345,112,0.59
25248,25359,112,0.59
25249,25278,30,0.59
25251,25280,30,0.59
25265,25294,30,0.59
25272,25383,112,0.59
25274,25385,112,0.59
25282,25311,30,0.59
25294,25327,34,0.59
25297,25326,30,0.59
25305,25356,52,0.59
25318,25349,32,0.59
25320,25351,32,0
25339,25396,58,0
25342,25391,50,0.59
25344,25393,50,0.5
25343,25394,52,0
25354,25385,32,0.59
25355,25396,42,0.59
25356,25387,32,0.59
25358,25389,32,0.5
25364,25393,30,0
25366,25395,30,0
25374,25415,42,0.5
25393,25424,32,0
25395,25426,32,0.59
25396,25427,32,0.59
25398,25429,32,0.5
25435,25484,50,0.59
25438,25467,30,0.59
25450,25481,32,0.59
25452,25483,32,0
25458,25515,58,0.59
25460,25517,58,0.59
25462,25513,52,0.59
25464,25515,52,0.59
25475,25516,42,0.59
25478,25509,32,0.59
25480,25511,32,0
25480,25513,34,0.59
25484,25513,30,0.59
25486,25515,30,0.59
25560,25617,58,0.59
25562,25619,58,0.59
25564,25615,52,0.59
25566,25617,52,0.59
25565,25614,50,0.59
25567,25616,50,0
25566,25597,32,0.59
25568,25599,32,0
25570,25601,32,0.5
25580,25611,32,0.59
25582,25613,32,0.5
25587,25616,30,0.59
25589,25618,30,0
25601,25634,34,0.59
25606,25635,30,0.59
25615,25656,42,0.5
25633,25674,42,0.5
25659,25690,32,0.59
25661,25692,32,0.59
25665,25696,32,0.59
25669,25700,32,0.59
25674,25705,32,0.59
25679,25710,32,0.5
25681,25712,32,0.59
25683,25714,32,0.5
25679,25710,32,0.59
25681,25712,32,0.59
25683,25714,32,0.5
25680,25711,32,0.5
25682,25713,32,0.59
25684,25715,32,0.5
25730,25761,32,0.59
25732,25763,32,0
25732,25763,32,0.59
25734,25765,32,0
25734,25765,32,0.59
25736,25767,32,0
25741,25772,32,0.59
25741,25782,42,0
25743,25784,42,0
25745,25776,32,0.59
25747,25778,32,0
25747,25778,32,0.59
25753,25782,30,0.5
25779,25820,42,0.5
25780,25811,32,0.5
25782,25813,32,0.59
25780,25811,32,0.59
25782,25813,32,0.59
25786,25817,32,0.5
25844,25895,52,0.5
25858,25889,32,0.59
25860,25891,32,0
25862,25893,32,0.59
25893,25934,42,0.59
25893,25924,32,0.5
25895,25926,32,0.5
25896,25927,32,0.59
25972,26029,58,0.59
25973,26004,32,0.5
25985,26026,42,0.59
25988,26019,32,0.5
25988,26019,32,0.59
25992,26023,32,0
25994,26025,32,0.59
26079,26110,32,0.5
26094,26135,42,0.5
26100,26131,32,0.5
26138,26169,32,0.5
26169,26198,30,0.59
26210,26241,32,0.5
26302,26353,52,0.59
26314,26345,32,0
26316,26347,32,0.59
26318,26349,32,0
26314,26345,32,0.59
26316,26347,32,0.59
26318,26349,32,0
26331,26372,42,0.5
26337,26368,32,0.59
26339,26370,32,0.5
26340,26373,34,0.5
26346,26375,30,0.59
26348,26377,30,0.59
26368,26399,32,0.59
26370,26401,32,0
26374,26403,30,0
26376,26405,30,0
26396,26427,32,0.59
26444,26473,30,0.59
26446,26475,30,0
26470,26501,32,0.5
26514,26545,32,0.59
26517,26548,32,0
26519,26550,32,0
26517,26548,32,0.59
26519,26550,32,0
26522,26553,32,0.5
26544,26585,42,0.5
26548,26579,32,0.5
26550,26581,32,0.5
26588,26629,42,0.5
26590,26631,42,0.5
26590,26621,32,0.5
26594,26625,32,0.5
26636,26667,32,0.59
26638,26669,32,0
26640,26671,32,0.5
26646,26677,32,0.5
26648,26679,32,0
26652,26683,32,0.5
26654,26685,32,0.59
26652,26683,32,0.59
26654,26685,32,0.59
26659,26690,32,0
26659,26690,32,0.5
26681,26712,32,0.59
26685,26716,32,0.59
26687,26718,32,0
26687,26718,32,0.59
26760,26817,58,0.59
26764,26815,52,0
26766,26815,50,0.5
26766,26817,52,0.59
26776,26817,42,0.59
26778,26809,32,0.59
26780,26811,32,0
26782,26813,32,0.59
26788,26817,30,0.5
26796,26837,42,0.5
26810,26927,118,0
26812,26929,118,0.59
26824,26913,90,0.59
26826,26915,90,0.59
26856,26919,64,0.59
26860,26917,58,0.59
26862,26919,58,0.59
26864,26913,50,0.59
26866,26915,50,0.59
26864,26915,52,0.59
26866,26917,52,0.59
26873,26914,42,0.59
26879,26910,32,0.59
26881,26912,32,0.59
26883,26914,32,0.5
26888,26917,30,0.59
26890,26919,30,0.59
26916,26979,64,0.5
26918,26975,58,0.59
26920,26977,58,0.59
26918,26981,64,0.59
26922,26973,52,0.59
26924,26975,52,0.59
26924,26953,30,0.59
26926,26955,30,0.5
26924,26973,50,0
26926,26975,50,0
26938,26969,32,0
26940,26971,32,0
26946,26975,30,0.59
26954,26995,42,0.59
26956,26997,42,0
26968,26997,30,0.59
26969,27018,50,0.59
26983,27014,32,0.59
26985,27016,32,0.5
27011,27052,42,0.5
27036,27089,54,0.5
27037,27068,32,0.59
27039,27070,32,0.5
27037,27078,42,0.59
27065,27106,42,0.59
27082,27113,32,0
27084,27115,32,0.5
27088,27117,30,0.5
27090,27119,30,0
27100,27141,42,0.5
27119,27176,58,0.59
27121,27178,58,0.59
27122,27173,52,0.59
27124,27175,52,0.59
27126,27177,52,0.59
27123,27172,50,0.59
27125,27174,50,0
27125,27246,122,0.59
27137,27168,32,0.5
27139,27170,32,0
27137,27168,32,0.59
27139,27170,32,0
27138,27169,32,0.59
27140,27171,32,0.59
27147,27176,30,0.59
27161,27190,30,0.5
27163,27192,30,0
27167,27278,112,0.59
27168,27225,58,0.59
27170,27227,58,0.59
27172,27223,52,0.59
27174,27225,52,0.59
27175,27224,50,0
27176,27209,34,0.59
27179,27208,30,0.59
27181,27210,30,0.59
27188,27219,32,0.59
27190,27221,32,0.5
27195,27224,30,0.59
27197,27226,30,0
27218,27247,30,0.59
27220,27249,30,0.59
27238,27269,32,0.5
27240,27271,32,0.59
27238,27269,32,0.59
27240,27271,32,0.59
27323,27354,32,0.5
27323,27356,34,0.59
27327,27356,30,0.59
27329,27358,30,0
27348,27379,32,0.59
27350,27391,42,0
27352,27383,32,0.59
27354,27385,32,0
27356,27387,32,0.59
27360,27389,30,0.5
27372,27403,32,0.5
27374,27405,32,0.5
27374,27407,34,0.5
27378,27407,30,0.5
27380,27409,30,0
27400,27431,32,0.59
27402,27433,32,0
27401,27432,32,0.59
27403,27434,32,0.59
27402,27443,42,0.5
27432,27465,34,0.5
27437,27466,30,0.5
27451,27480,30,0.59
27474,27505,32,0.59
27476,27507,32,0
27478,27509,32,0
27476,27507,32,0.59
27478,27509,32,0
27479,27512,34,0.59
27483,27512,30,0.59
27485,27514,30,0
27493,27534,42,0.5
27505,27554,50,0.59
27505,27556,52,0
27507,27558,52,0.59
27507,27556,50,0
27509,27558,50,0.59
27520,27551,32,0.59
27522,27553,32,0
27528,27557,30,0
27530,27559,30,0.59
27538,27579,42,0.59
27548,27579,32,0.5
27553,27582,30,0.59
27555,27584,30,0.59
27562,27603,42,0.5
27564,27605,42,0.5
27578,27627,50,0.59
27579,27630,52,0.59
27590,27621,32,0.59
27592,27623,32,0
27591,27622,32,0.59
27593,27624,32,0.59
27592,27623,32,0.59
27621,27670,50,0.5
27623,27672,50,0.59
27635,27666,32,0
27637,27668,32,0
27642,27671,30,0.5
27644,27673,30,0.59
27679,27800,122,0.59
27681,27802,122,0
27683,27804,122,0.59
27685,27806,122,0
27683,27794,112,0.59
27685,27796,112,0.59
27686,27715,30,0.5
27689,27800,112,0.59
27713,27802,90,0.59
27715,27804,90,0
27721,27778,58,0.5
27723,27780,58,0.59
27723,27772,50,0.59
27725,27774,50,0.59
27727,27776,50,0.5
27723,27774,52,0.59
27725,27776,52,0
27729,27760,32,0.59
27731,27762,32,0
27731,27772,42,0.59
27735,27766,32,0.59
27737,27768,32,0.59
27740,27771,32,0.59
27742,27773,32,0.5
27746,27775,30,0.59
27748,27777,30,0
27747,27804,58,0.59
27749,27806,58,0
27751,27808,58,0.59
27751,27802,52,0.59
27753,27804,52,0
27755,27806,52,0.59
27753,27802,50,0.5
27755,27804,50,0
27764,27805,42,0.59
27768,27799,32,0.59
27770,27801,32,0
27775,27804,30,0.59
27777,27806,30,0
27793,27822,30,0.59
27825,27856,32,0
27827,27858,32,0
27854,27885,32,0.59
27856,27887,32,0.59
27858,27889,32,0.59
27926,27957,32,0.5
27931,27960,30,0
27933,27962,30,0
27941,27982,42,0.5
27953,27982,30,0
27955,27984,30,0
27961,28072,112,0.59
27963,28004,42,0.5
27980,28037,58,0
27982,28033,52,0.59
27984,28035,52,0
27984,28033,50,0.59
27986,28035,50,0
27998,28029,32,0.59
28000,28031,32,0.5
28005,28034,30,0.59
28007,28036,30,0
28025,28082,58,0.5
28026,28067,42,0.5
28028,28059,32,0.59
28030,28061,32,0.59
28032,28063,32,0
28029,28080,52,0.5
28032,28063,32,0
28035,28076,42,0.59
28039,28070,32,0.5
28041,28072,32,0.59
28043,28084,42,0.5
28051,28080,30,0.59
28053,28082,30,0
28079,28120,42,0.59
28080,28111,32,0.59
28082,28113,32,0
28084,28115,32,0.59
28088,28117,30,0
28090,28119,30,0
28102,28135,34,0.5
28108,28137,30,0
28110,28139,30,0.59
28128,28157,30,0.59
28138,28179,42,0.5
28180,28221,42,0
28182,28213,32,0.59
28184,28215,32,0.59
28186,28217,32,0
28186,28217,32,0.59
28206,28317,112,0.59
28208,28319,112,0.59
28208,28329,122,0.5
28210,28331,122,0.5
28212,28323,112,0.59
28239,28270,32,0.5
28249,28306,58,0.59
28253,28304,52,0.59
28255,28304,50,0.59
28257,28308,52,0.59
28262,28303,42,0.59
28267,28298,32,0.59
28269,28300,32,0.59
28291,28322,32,0
28377,28406,30,0.59
28387,28428,42,0.5
28418,28447,30,0.59
28438,28495,58,0.59
28442,28493,52,0.59
28447,28478,32,0.59
28449,28480,32,0
28451,28482,32,0.59
28448,28479,32,0.5
28450,28481,32,0.59
28449,28480,32,0.59
28451,28482,32,0.59
28453,28484,32,0
28455,28486,32,0.59
28458,28489,32,0.5
28494,28527,34,0
28497,28526,30,0.59
28499,28528,30,0.59
28507,28618,112,0.59
28509,28620,112,0
28562,28593,32,0.5
28578,28631,54,0.5
28580,28611,32,0.59
28582,28613,32,0
28584,28615,32,0.59
28592,28623,32,0.5
28599,28628,30,0.59
28625,28666,42,0.59
28639,28670,32,0.59
28641,28672,32,0.59
28643,28674,32,0
28645,28676,32,0.59
28643,28674,32,0.59
28645,28676,32,0.59
28651,28680,30,0.59
28675,28716,42,0
28677,28708,32,0.59
28681,28712,32,0.59
28710,28741,32,0.59
28718,28747,30,0.5
28751,28792,42,0.59
28753,28794,42,0.59
28760,28791,32,0.5
28766,28795,30,0.59
28768,28797,30,0
28801,28832,32,0.5
28803,28834,32,0.5
28803,28834,32,0.59
28927,28958,32,0.5
28929,28960,32,0.5
28929,28962,34,0.59
28933,28962,30,0
28935,28964,30,0
28944,28985,42,0.5
28959,29022,64,0.5
28961,29024,64,0.5
28963,29020,58,0.59
28965,29022,58,0.59
28967,29018,52,0.59
28968,29017,50,0.59
28970,29019,50,0.59
28969,29020,52,0.59
28982,29013,32,0.59
28984,29015,32,0.59
28991,29020,30,0.59
29001,29042,42,0.59
29015,29044,30,0.59
29017,29046,30,0
29025,29066,42,0.5
29041,29072,32,0.5
29043,29074,32,0.5
29044,29077,34,0.5
29050,29079,30,0
29051,29080,30,0
